project ,daysrequired,clientname,managername,workforce,testcasefail,profit,expenditure,salesperson,duedate,country,cost,status,testcasepass
10249,130,lehoscky,william,3,6,-213.25,38.94,sahet,"thursday, july 4, 2013",can,"$1,863.40 ",done,11
10468,130,peterson,james,6,2,-4.64,2.08,lehoscky,"thursday, july 11, 2013",usa,$717.60 ,done,13
10451,152,callahan,charles,32,26,1054.82,107.53,peterson,"friday, july 12, 2013",usa,"$3,849.66 ",done,1
10252,109,davis,george,32,24,-1748.56,70.89,peterson,"monday, july 15, 2013",can,"$3,597.90 ",processing,9
10466,136,king,frank,32,23,-85.13,7.99,peterson,"monday, july 15, 2013",usa,$216.00 ,todo,36
10465,136,peterson,joseph,32,15,-128.38,8.46,davis,"tuesday, july 16, 2013",usa,"$2,518.00 ",done,24
10250,136,dodge,thomas,35,30,60.72,9.11,peterson,"tuesday, july 16, 2013",can,"$1,552.60 ",todo,30
10469,136,king,henry,35,14,48.99,155.99,davis,"wednesday, july 17, 2013",usa,$956.67 ,todo,33
10441,131,bucknell,robert,36,46,657.48,65.99,lehoscky,"monday, july 22, 2013",usa,"$1,755.00 ",done,10
10255,131,king,edward,65,32,1470.3,115.79,dodge,"tuesday, july 23, 2013",can,"$2,490.50 ",todo,2
10464,61,callahan,joe,66,41,7.57,2.88,peterson,"tuesday, july 23, 2013",usa,"$1,609.28 ",done,13
10462,90,davis,charlie,69,42,511.69,30.93,fontain,"thursday, july 25, 2013",usa,$156.00 ,done,36
10470,90,peterson,clarence,69,28,0.35,1.68,peterson,"thursday, july 25, 2013",usa,"$1,820.80 ",done,0
10471,90,davis,richard,70,48,-107,1.86,fontain,"monday, july 29, 2013",usa,"$1,328.00 ",done,38
10472,90,sahet,andrew,70,46,2057.17,205.99,callahan,"tuesday, july 30, 2013",usa,"$1,146.80 ",done,33
10474,98,callahan,daniel,96,37,1228.89,125.99,bucknell,"wednesday, july 31, 2013",usa,"$1,249.10 ",done,33
10251,90,peterson,ernest,97,26,28.24,2.89,lehoscky,"wednesday, july 31, 2013",can,$654.06 ,processing,42
10473,90,callahan,will,129,4,-22.59,6.48,davis,"friday, august 2, 2013",usa,$230.40 ,processing,36
10479,90,peterson,jesse,130,3,-309.82,150.98,lehoscky,"friday, august 2, 2013",usa,"$10,495.60 ",todo,7
10248,98,lehoscky,oscar,130,29,71.75,18.97,bucknell,"tuesday, august 6, 2013",can,$440.00 ,processing,11
10476,122,peterson,lewis,130,23,-134.31,9.71,callahan,"tuesday, august 6, 2013",usa,$180.48 ,done,35
10253,156,peterson,peter,132,27,-86.2,7.99,lehoscky,"friday, august 9, 2013",can,"$1,444.80 ",done,41
10480,92,lehoscky,benjamin,132,30,-603.8,130.98,sahet,"friday, august 9, 2013",usa,$756.00 ,done,39
10477,92,dodge,frederick,134,11,-310.21,95.99,bucknell,"monday, august 12, 2013",usa,$558.00 ,done,19
10481,79,peterson,willie,135,25,-89.25,4.98,callahan,"monday, august 12, 2013",usa,"$1,472.00 ",todo,28
10478,92,sahet,alfred,166,10,-126.09,65.99,fontain,"tuesday, august 13, 2013",usa,$471.20 ,todo,24
10487,92,dodge,sam,193,14,-37.04,12.44,fontain,"tuesday, august 13, 2013",usa,$889.70 ,done,12
10256,92,sahet,roy,194,49,-197.25,7.28,lehoscky,"friday, august 16, 2013",can,$517.80 ,processing,24
10484,92,peterson,herbert,194,6,-13.44,3.14,lehoscky,"friday, august 16, 2013",usa,$386.20 ,done,11
10485,110,lehoscky,jacob,195,34,260.87,36.55,peterson,"friday, august 16, 2013",usa,"$1,584.00 ",processing,20
10488,110,lehoscky,tom,197,23,33.22,12.98,callahan,"wednesday, august 21, 2013",usa,"$1,512.00 ",processing,39
10486,110,peterson,elmer,224,25,-33.95,7.38,davis,"wednesday, august 21, 2013",usa,"$1,272.00 ",processing,27
10490,110,king,carl,224,44,-65.43,5.98,king,"friday, august 23, 2013",usa,"$3,163.20 ",processing,11
10257,110,king,lee,224,33,-149.92,15.42,peterson,"friday, august 23, 2013",can,"$1,119.90 ",todo,15
10475,110,king,howard,225,24,18.27,5.58,dodge,"monday, august 26, 2013",usa,"$1,505.18 ",todo,47
10496,111,fontain,martin,225,1,-8.97,19.84,king,"tuesday, august 27, 2013",usa,$190.00 ,todo,43
10254,90,king,michael,229,43,98.44,12.64,bucknell,"wednesday, august 28, 2013",can,$556.62 ,todo,17
10497,90,sahet,bert,229,24,3.82,24.92,king,"wednesday, august 28, 2013",usa,"$1,380.60 ",done,39
10491,119,lehoscky,herman,230,47,320.37,43.98,callahan,"friday, august 30, 2013",usa,$259.50 ,todo,1
10258,258,fontain,jim,230,11,-212.33,125.99,davis,"friday, august 30, 2013",can,"$1,614.88 ",done,22
10494,258,peterson,francis,231,2,-490.84,363.25,peterson,"monday, september 2, 2013",usa,$912.00 ,processing,25
10482,326,callahan,harvey,258,21,-91.14,6.48,davis,"tuesday, september 3, 2013",usa,$147.00 ,processing,47
10489,91,davis,earl,258,7,-284.4,20.98,sahet,"tuesday, september 3, 2013",usa,$439.20 ,todo,47
10262,91,king,eugene,258,33,-55.11,6.54,callahan,"wednesday, september 4, 2013",can,$584.00 ,processing,44
10493,91,peterson,ralph,261,47,1680.79,140.99,peterson,"thursday, september 5, 2013",usa,$608.40 ,processing,28
10498,91,callahan,ed,263,25,-136.25,5.4,callahan,"tuesday, september 10, 2013",usa,$575.00 ,processing,6
10259,91,dodge,claude,290,24,-32.48,7.64,peterson,"tuesday, september 10, 2013",can,$100.80 ,done,44
10492,70,peterson,edwin,292,43,175.54,9.9,lehoscky,"wednesday, september 11, 2013",usa,$851.20 ,processing,36
10260,70,sahet,ben,293,49,457.81,208.16,peterson,"wednesday, september 11, 2013",can,"$1,504.65 ",todo,10
10261,70,peterson,charley,293,27,46.71,8.69,peterson,"wednesday, september 11, 2013",can,$448.00 ,processing,35
10495,80,sahet,paul,294,35,489.02,193.17,lehoscky,"thursday, september 12, 2013",usa,$278.00 ,done,40
10501,122,bucknell,edgar,322,20,257.76,155.99,dodge,"friday, september 13, 2013",usa,$149.00 ,todo,8
10499,122,davis,isaac,322,46,-291.59,6.48,peterson,"tuesday, september 17, 2013",usa,"$1,412.00 ",done,46
10503,122,bucknell,otto,323,20,25.76,5.68,sahet,"tuesday, september 17, 2013",usa,"$2,048.50 ",todo,22
10263,122,davis,luther,323,2,-31.24,22.84,dodge,"wednesday, september 18, 2013",can,"$1,873.80 ",done,21
10500,122,king,lawrence,324,25,667.33,179.99,sahet,"wednesday, september 18, 2013",usa,$523.26 ,done,14
10504,122,fontain,ira,325,9,-178.71,115.99,peterson,"monday, september 23, 2013",usa,"$1,388.50 ",todo,10
10266,140,fontain,patrick,326,34,-44.14,5.99,lehoscky,"tuesday, september 24, 2013",can,$346.56 ,todo,30
10505,134,lehoscky,guy,326,17,-21.3,5.81,lehoscky,"wednesday, september 25, 2013",usa,$147.90 ,done,16
10511,183,king,oliver,353,21,3.88,2.21,peterson,"thursday, september 26, 2013",usa,"$2,550.00 ",processing,16
10507,183,sahet,theodore,355,16,-172.55,85.99,king,"friday, september 27, 2013",usa,$749.06 ,todo,20
10512,183,davis,hugh,358,33,-1348.06,48.58,king,"thursday, october 3, 2013",usa,$525.30 ,processing,20
10483,183,lehoscky,clyde,358,33,269.27,39.48,king,"thursday, october 3, 2013",usa,$668.80 ,todo,10
10502,234,callahan,alexander,359,30,-500.38,124.49,fontain,"friday, october 4, 2013",usa,$816.30 ,todo,50
10513,234,peterson,august,384,50,-1820.84,146.05,king,"friday, october 4, 2013",usa,"$1,942.00 ",processing,37
10510,308,callahan,floyd,386,4,-0.03,3.69,sahet,"friday, october 4, 2013",usa,"$4,707.54 ",todo,4
10517,304,dodge,homer,386,4,-1.59,3.85,lehoscky,"tuesday, october 8, 2013",usa,$352.00 ,done,11
10516,140,lehoscky,jack,388,46,-94.73,11.7,fontain,"wednesday, october 9, 2013",usa,"$2,381.05 ",todo,27
10509,92,davis,leonard,416,20,88.52,65.99,peterson,"wednesday, october 9, 2013",usa,$136.80 ,processing,12
10268,92,king,horace,417,39,8734.88,500.98,callahan,"thursday, october 10, 2013",can,"$1,101.20 ",done,49
10270,92,peterson,marion,417,3,-170.98,178.47,davis,"thursday, october 10, 2013",can,"$1,376.00 ",done,2
10520,98,callahan,philip,420,8,-20.69,4.98,king,"friday, october 11, 2013",usa,$200.00 ,todo,46
10267,110,callahan,allen,420,6,-14.56,5.78,peterson,"friday, october 11, 2013",can,"$3,536.60 ",processing,33
10521,122,callahan,archie,448,22,-284.63,65.99,callahan,"sunday, october 13, 2013",usa,$225.50 ,processing,0
10506,156,davis,stephen,32,45,-48.97,7.38,dodge,"sunday, october 13, 2013",usa,$415.80 ,todo,35
10518,156,callahan,chester,32,29,109.33,34.58,peterson,"sunday, october 13, 2013",usa,"$4,150.05 ",todo,19
10519,156,fontain,willis,35,35,-211.13,15.7,sahet,"sunday, october 13, 2013",usa,"$2,314.20 ",processing,8
10522,122,sahet,raymond,35,42,56.22,6.08,peterson,"thursday, october 17, 2013",usa,"$2,318.24 ",done,29
10272,122,sahet,rufus,36,44,1426.26,115.99,sahet,"friday, october 18, 2013",can,"$1,456.00 ",processing,36
10269,110,peterson,warren,65,30,1198.97,195.99,bucknell,"monday, october 21, 2013",can,$642.20 ,processing,32
10524,110,lehoscky,jessie,66,19,-18.96,10.89,davis,"monday, october 21, 2013",usa,"$3,192.65 ",processing,11
10529,97,peterson,milton,69,6,19.18,218.08,bucknell,"wednesday, october 23, 2013",usa,$946.00 ,processing,24
10275,103,davis,alex,69,48,-166.4,15.42,davis,"wednesday, october 23, 2013",can,$291.84 ,todo,9
10527,97,bucknell,leo,70,33,-684.57,150.89,king,"wednesday, october 23, 2013",usa,"$1,503.00 ",processing,41
10265,97,davis,julius,70,19,30.94,21.78,fontain,"thursday, october 24, 2013",can,"$1,176.00 ",processing,3
10277,97,fontain,ray,96,21,4.43,6.64,fontain,"friday, october 25, 2013",can,"$1,200.80 ",processing,10
10273,97,king,sidney,97,41,36.02,3.08,lehoscky,"friday, october 25, 2013",can,"$2,037.28 ",done,33
10532,97,sahet,bernard,129,29,-50.64,6.48,king,"monday, october 28, 2013",usa,$796.35 ,done,1
10528,97,davis,dan,130,26,510.49,125.99,sahet,"monday, october 28, 2013",usa,$392.20 ,done,1
10508,97,peterson,jerry,130,13,-59.75,4.98,davis,"tuesday, october 29, 2013",usa,$240.00 ,processing,45
10530,97,lehoscky,calvin,130,5,-27.57,6.48,lehoscky,"tuesday, october 29, 2013",usa,"$4,180.00 ",todo,15
10534,120,lehoscky,perry,132,30,-911.56,38.94,callahan,"monday, november 4, 2013",usa,$465.70 ,processing,5
10526,120,fontain,dave,132,38,-29.21,6.68,peterson,"monday, november 4, 2013",usa,"$1,151.40 ",todo,27
10276,181,fontain,anthony,134,47,-131.27,17.7,callahan,"tuesday, november 5, 2013",can,$420.00 ,done,10
10538,181,peterson,eddie,135,50,-166.29,5.28,dodge,"tuesday, november 5, 2013",usa,$139.80 ,processing,51
10514,181,sahet,amos,166,43,881.68,65.99,lehoscky,"wednesday, november 6, 2013",usa,"$8,623.45 ",done,30
10537,181,peterson,dennis,193,12,-54.04,7.3,davis,"friday, november 8, 2013",usa,"$1,823.80 ",done,31
10531,181,dodge,clifford,194,22,127.7,42.76,king,"friday, november 8, 2013",usa,$110.00 ,processing,38
10535,181,king,leroy,194,41,163.81,14.34,peterson,"friday, november 8, 2013",usa,"$1,940.85 ",processing,18
10533,120,lehoscky,wesley,195,24,-335.32,138.75,callahan,"monday, november 11, 2013",usa,"$2,222.20 ",todo,40
10278,152,peterson,alonzo,197,39,-1153.9,120.98,callahan,"friday, november 15, 2013",can,"$1,488.80 ",done,35
10543,120,callahan,garfield,640,24,29.42,18.97,callahan,"friday, november 15, 2013",usa,"$1,504.50 ",done,23
10525,152,fontain,franklin,643,21,-695.26,138.14,davis,"monday, november 18, 2013",usa,$818.40 ,todo,21
10279,120,callahan,emil,644,5,-171.92,320.98,callahan,"wednesday, november 20, 2013",can,$351.00 ,done,28
10515,152,davis,leon,645,42,89.45,12.95,fontain,"wednesday, november 20, 2013",usa,"$9,921.30 ",processing,8
10539,120,davis,nathan,646,18,-10.9,9.31,sahet,"wednesday, november 20, 2013",usa,$355.50 ,todo,12
10274,152,fontain,harold,678,44,-226.36,4.98,sahet,"monday, november 25, 2013",can,$538.60 ,done,32
10281,120,lehoscky,matthew,706,42,0.82,1.76,peterson,"tuesday, november 26, 2013",can,$86.50 ,done,15
10283,152,peterson,levi,710,42,-150.37,3.58,lehoscky,"wednesday, november 27, 2013",can,"$1,414.80 ",todo,39
10282,134,sahet,moses,710,11,89.03,41.32,peterson,"wednesday, november 27, 2013",can,$155.40 ,processing,47
10542,90,king,everett,710,29,731.32,145.45,davis,"thursday, november 28, 2013",usa,$469.11 ,todo,18
10549,98,callahan,lester,738,7,32.6,80.98,bucknell,"monday, december 2, 2013",usa,"$3,554.27 ",done,48
10546,90,sahet,winfield,738,31,-56.68,6.48,davis,"monday, december 2, 2013",usa,"$2,812.00 ",done,47
10541,90,davis,adam,740,6,3.46,4.98,fontain,"monday, december 2, 2013",usa,"$1,946.52 ",processing,35
10523,98,callahan,lloyd,769,37,4.15,115.99,king,"monday, december 2, 2013",usa,"$2,444.31 ",processing,33
10264,122,dodge,mack,771,18,-38.35,4.98,sahet,"monday, december 2, 2013",can,$695.62 ,done,25
10285,156,callahan,fredrick,772,35,-38.35,17.52,davis,"tuesday, december 3, 2013",can,"$1,743.36 ",done,18
10544,151,davis,jay,772,25,86.93,9.9,peterson,"tuesday, december 3, 2013",usa,$417.20 ,todo,34
10547,194,king,jess,773,38,324.93,65.99,lehoscky,"wednesday, december 4, 2013",usa,"$1,792.80 ",processing,18
10548,194,lehoscky,melvin,774,17,-752.13,4.48,lehoscky,"wednesday, december 4, 2013",usa,$240.10 ,processing,30
10553,194,peterson,noah,775,35,-19.17,1.26,fontain,"monday, december 9, 2013",usa,"$1,546.30 ",processing,32
10552,203,fontain,aaron,775,8,-1.25,4.26,fontain,"monday, december 9, 2013",usa,$880.50 ,todo,48
10284,132,callahan,alvin,801,20,-47.41,2.74,peterson,"monday, december 9, 2013",can,"$1,170.37 ",done,4
10555,132,lehoscky,norman,802,33,12.72,11.7,sahet,"monday, december 9, 2013",usa,"$2,944.40 ",todo,10
10554,121,bucknell,gilbert,802,2,-52.14,15.99,peterson,"wednesday, december 11, 2013",usa,"$1,728.52 ",todo,15
10557,121,dodge,elijah,805,39,-119.86,4.97,dodge,"friday, december 13, 2013",usa,"$1,152.50 ",todo,33
10550,121,lehoscky,victor,32,45,-166.85,4.28,king,"friday, december 13, 2013",usa,$683.30 ,todo,38
10536,121,peterson,gus,32,32,-14.33,3.95,lehoscky,"friday, december 13, 2013",usa,"$1,645.00 ",done,9
10551,121,sahet,nelson,35,7,-17.58,6.48,peterson,"friday, december 13, 2013",usa,"$1,677.30 ",todo,33
10560,121,lehoscky,jasper,35,1,-20.32,12.53,callahan,"monday, december 16, 2013",usa,"$1,072.42 ",todo,49
10561,97,peterson,silas,36,15,-164.4,115.99,fontain,"wednesday, december 18, 2013",usa,"$2,844.50 ",done,44
10287,108,callahan,christopher,65,18,-23.48,6.48,callahan,"thursday, december 19, 2013",can,$819.00 ,done,32
10558,108,davis,jake,66,11,13.41,5.84,davis,"friday, december 20, 2013",usa,"$2,142.90 ",processing,45
10562,108,davis,mike,69,32,134.72,21.78,davis,"friday, december 20, 2013",usa,$488.70 ,done,48
10556,108,fontain,percy,69,31,114.46,47.98,fontain,"friday, december 20, 2013",usa,$835.20 ,processing,19
10540,108,peterson,adolph,70,23,475.54,70.97,lehoscky,"monday, december 23, 2013",usa,"$10,191.70 ",processing,29
10564,108,dodge,maurice,70,17,-34.97,6.24,peterson,"tuesday, december 24, 2013",usa,"$1,234.05 ",processing,6
10559,108,peterson,cornelius,96,50,52.48,24.92,sahet,"tuesday, december 24, 2013",usa,$520.41 ,processing,19
10289,108,lehoscky,felix,97,40,45.39,15.98,king,"wednesday, december 25, 2013",can,$479.40 ,done,21
10286,108,fontain,reuben,129,26,-715.78,296.18,callahan,"thursday, december 26, 2013",can,"$3,016.00 ",processing,38
10271,108,king,wallace,130,29,507.58,40.98,sahet,"friday, december 27, 2013",can,$48.00 ,done,6
10567,108,bucknell,claud,130,10,359.83,207.48,davis,"monday, december 30, 2013",usa,"$2,519.00 ",done,13
10565,92,bucknell,roscoe,130,21,300.97,59.98,callahan,"tuesday, december 31, 2013",usa,$639.90 ,processing,45
10566,92,callahan,sylvester,132,26,45,14.58,dodge,"wednesday, january 1, 2014",usa,"$1,761.00 ",processing,33
10290,92,fontain,earnest,132,21,-100.16,10.97,callahan,"thursday, january 2, 2014",can,"$2,169.00 ",todo,18
10292,92,lehoscky,hiram,134,39,-64.29,2.08,davis,"thursday, january 2, 2014",can,"$1,296.00 ",todo,8
10573,92,davis,otis,135,22,-41.64,41.32,king,"friday, january 3, 2014",usa,"$2,082.00 ",processing,15
10570,92,peterson,simon,166,11,13.91,6.88,lehoscky,"friday, january 3, 2014",usa,"$2,465.25 ",processing,10
10288,98,lehoscky,willard,193,15,-4.72,5.28,peterson,"friday, january 3, 2014",can,$80.10 ,done,47
10563,98,lehoscky,irvin,194,46,-22.72,13.73,fontain,"monday, january 6, 2014",usa,$965.00 ,done,1
10545,110,fontain,mark,194,33,1408.19,122.99,callahan,"wednesday, january 8, 2014",usa,$210.00 ,done,34
10572,110,davis,jose,195,47,-1069.72,68.81,lehoscky,"wednesday, january 8, 2014",usa,"$1,501.08 ",done,10
10575,98,callahan,wilbur,197,50,95.16,5.98,bucknell,"thursday, january 9, 2014",usa,"$2,147.40 ",todo,7
10577,98,king,abraham,32,4,-1.28,9.93,dodge,"thursday, january 9, 2014",usa,$569.00 ,todo,31
10576,98,peterson,virgil,32,42,-679.04,280.98,lehoscky,"friday, january 10, 2014",usa,$838.45 ,todo,35
10574,98,sahet,clinton,35,6,-37.58,13.99,peterson,"friday, january 10, 2014",usa,$764.30 ,processing,50
10291,98,davis,elbert,35,42,502.42,37.74,sahet,"monday, january 13, 2014",can,$497.52 ,processing,46
10581,98,king,leslie,36,48,1836.81,227.55,lehoscky,"monday, january 13, 2014",usa,$310.00 ,processing,28
10580,98,bucknell,marshall,65,38,14,3.58,peterson,"monday, january 13, 2014",usa,"$1,013.74 ",processing,37
10571,146,peterson,owen,66,46,782.91,39.89,callahan,"wednesday, january 15, 2014",usa,$550.59 ,done,5
10579,146,davis,wiley,69,16,93.8,15.74,davis,"wednesday, january 15, 2014",usa,$317.75 ,todo,16
10587,146,davis,anton,69,6,-179.5,95.43,davis,"thursday, january 16, 2014",usa,$807.38 ,processing,45
10583,146,sahet,morris,70,19,-379.1,70.98,fontain,"thursday, january 16, 2014",usa,"$2,237.50 ",processing,2
10584,146,king,manuel,70,6,-28.46,28.48,peterson,"thursday, january 16, 2014",usa,$593.75 ,processing,19
10586,146,sahet,phillip,96,11,-60.39,205.99,dodge,"friday, january 17, 2014",usa,$23.80 ,todo,19
10294,122,peterson,augustus,97,34,-52.21,6.37,peterson,"tuesday, january 21, 2014",can,"$1,887.60 ",done,7
10568,110,callahan,emmett,129,41,-52.48,8.46,lehoscky,"wednesday, january 22, 2014",usa,$155.00 ,done,14
10588,122,davis,eli,130,3,-888.16,195.99,fontain,"friday, january 24, 2014",usa,"$3,120.00 ",todo,22
10585,122,fontain,nicholas,130,22,5.3,5.34,king,"friday, january 24, 2014",usa,$142.50 ,done,45
10297,122,peterson,wilson,130,24,310.22,40.98,bucknell,"monday, january 27, 2014",can,"$1,420.00 ",todo,9
10569,171,peterson,alva,132,30,532.61,37.7,bucknell,"monday, january 27, 2014",usa,$890.00 ,done,22
10589,171,sahet,harley,132,13,-112,20.97,callahan,"monday, january 27, 2014",usa,$72.00 ,todo,0
10595,171,peterson,newton,134,28,-50.14,4.98,fontain,"monday, january 27, 2014",usa,"$4,725.00 ",done,3
10582,161,callahan,timothy,135,48,1215.28,110.98,lehoscky,"tuesday, january 28, 2014",usa,$330.00 ,processing,8
10591,97,davis,marvin,166,44,440.72,100.98,davis,"thursday, january 30, 2014",usa,$812.50 ,done,32
10590,109,fontain,ross,193,11,-481.04,71.37,peterson,"thursday, january 30, 2014",usa,"$1,101.00 ",processing,9
10592,97,callahan,curtis,194,23,53.13,4.91,lehoscky,"friday, january 31, 2014",usa,$516.46 ,processing,33
10594,109,davis,edmund,194,7,57.1,70.97,lehoscky,"monday, february 3, 2014",usa,$565.50 ,done,2
10295,109,lehoscky,jeff,195,7,20.03,55.48,fontain,"tuesday, february 4, 2014",can,$121.60 ,processing,21
10598,97,peterson,elias,197,14,20.21,15.98,davis,"thursday, february 6, 2014",usa,"$2,388.50 ",done,20
10602,109,peterson,harrison,32,27,-59.82,4.42,callahan,"friday, february 7, 2014",usa,$48.75 ,done,34
10597,109,peterson,stanley,32,35,-243.6,100.8,king,"friday, february 7, 2014",usa,$718.08 ,processing,10
10600,109,callahan,columbus,35,25,185.21,28.48,peterson,"friday, february 7, 2014",usa,$479.80 ,processing,33
10599,136,callahan,lon,35,3,-25.13,14.42,sahet,"friday, february 7, 2014",usa,$493.00 ,todo,22
10293,97,callahan,ora,36,1,-13.78,8.6,davis,"monday, february 10, 2014",can,$848.70 ,todo,37
10601,109,fontain,ollie,65,11,3724.57,896.99,king,"tuesday, february 11, 2014",usa,"$2,285.00 ",todo,31
10607,141,king,russell,66,16,-57.88,4.24,bucknell,"wednesday, february 12, 2014",usa,"$6,475.40 ",todo,49
10578,141,callahan,pearl,69,48,-121.91,5.28,peterson,"thursday, february 13, 2014",usa,$477.00 ,todo,33
10604,141,lehoscky,solomon,69,15,-30.19,31.98,davis,"thursday, february 13, 2014",usa,$230.85 ,done,4
10605,141,king,arch,70,40,-170.87,20.97,davis,"thursday, february 13, 2014",usa,"$4,109.69 ",done,30
10296,130,callahan,asa,70,26,366.48,31.78,sahet,"thursday, february 13, 2014",can,"$1,050.60 ",done,44
10609,130,davis,clayton,96,10,-2.06,2.78,king,"tuesday, february 18, 2014",usa,$424.00 ,done,23
10298,141,davis,enoch,97,27,-305.98,130.98,sahet,"wednesday, february 19, 2014",can,"$2,645.00 ",todo,29
10606,141,peterson,irving,129,8,-277.29,218.75,peterson,"thursday, february 20, 2014",usa,"$1,130.40 ",done,11
10614,173,peterson,mathew,130,46,-144.68,5.18,callahan,"friday, february 21, 2014",usa,$464.00 ,todo,2
10612,145,callahan,nathaniel,130,14,229.78,85.99,davis,"monday, february 24, 2014",usa,"$6,375.00 ",todo,13
10280,141,peterson,scott,1287,39,480.57,105.29,fontain,"monday, february 24, 2014",can,$613.20 ,processing,11
10608,130,callahan,hubert,1313,34,-83.75,22.84,peterson,"tuesday, february 25, 2014",usa,"$1,064.00 ",processing,9
10613,130,davis,lemuel,1314,4,-7.61,9.27,peterson,"wednesday, february 26, 2014",usa,$353.20 ,processing,5
10611,152,peterson,andy,1317,44,39.42,11.7,sahet,"wednesday, february 26, 2014",usa,$808.00 ,todo,16
10617,109,peterson,ellis,1317,40,-186.73,4.98,peterson,"thursday, february 27, 2014",usa,"$1,402.50 ",todo,14
10610,136,janet lee,emanuel,1317,29,-76.64,5.28,callahan,"friday, february 28, 2014",usa,$299.25 ,processing,11
10616,136,william,joshua,1344,15,-11.68,65.99,davis,"friday, february 28, 2014",usa,"$4,806.99 ",processing,11
10615,136,james,millard,1344,18,313.58,155.99,fontain,"friday, february 28, 2014",usa,$120.00 ,done,43
10603,136,charles,vernon,1345,24,-120.85,100.98,callahan,"monday, march 3, 2014",usa,"$1,483.00 ",done,10
10618,131,george,wade,1346,48,421.15,100.98,davis,"monday, march 3, 2014",usa,"$2,697.50 ",done,2
10619,131,frank,cyrus,1382,5,-107.1,20.99,lehoscky,"monday, march 3, 2014",usa,"$1,260.00 ",todo,7
10621,61,joseph,miles,1382,39,-130.66,3.98,peterson,"monday, march 3, 2014",usa,$758.50 ,done,26
10299,90,thomas,rudolph,1382,31,487.17,220.98,peterson,"tuesday, march 4, 2014",can,$349.50 ,done,17
10622,90,henry,sherman,1383,43,5616.08,415.88,peterson,"tuesday, march 4, 2014",usa,$560.00 ,todo,7
10596,90,robert,austin,1411,39,-459.86,160.98,callahan,"wednesday, march 5, 2014",usa,"$1,180.88 ",processing,7
10301,90,edward,bill,1411,47,1717.89,175.99,callahan,"thursday, march 6, 2014",can,$755.00 ,processing,7
10623,98,joe,chas,1412,13,26.92,3.69,callahan,"friday, march 7, 2014",usa,"$1,336.95 ",done,0
10620,90,charlie,lonnie,1412,21,-5.77,4.71,fontain,"tuesday, march 11, 2014",usa,$57.50 ,processing,4
10593,90,clarence,monroe,1414,44,-993.35,105.49,king,"tuesday, march 11, 2014",usa,"$1,994.40 ",done,50
10631,90,richard,byron,1440,41,52.47,17.67,callahan,"wednesday, march 12, 2014",usa,$55.80 ,processing,3
10625,98,andrew,edd,1444,32,8249.86,699.99,lehoscky,"wednesday, march 12, 2014",usa,$479.75 ,processing,6
10633,122,daniel,emery,1444,13,1759.34,1360.14,king,"thursday, march 13, 2014",usa,"$5,510.59 ",done,10
10632,156,ernest,grant,1444,2,-13.67,6.48,callahan,"thursday, march 13, 2014",usa,$589.00 ,done,42
10630,92,will,jerome,1444,24,24.33,17.15,davis,"thursday, march 13, 2014",usa,$903.60 ,processing,12
10626,92,jesse,max,1444,25,181.98,30.98,davis,"thursday, march 13, 2014",usa,"$1,503.60 ",todo,42
10624,79,oscar,mose,1445,3,-20.55,420.98,peterson,"thursday, march 13, 2014",usa,"$1,393.24 ",todo,48
10628,92,lewis,steve,1445,30,-74.21,11.97,peterson,"thursday, march 13, 2014",usa,$450.00 ,processing,18
10627,92,peter,gordon,32,40,239.4,65.99,callahan,"tuesday, march 18, 2014",usa,"$1,185.75 ",processing,47
10629,92,benjamin,abe,32,31,64.22,10.01,peterson,"tuesday, march 18, 2014",usa,"$2,775.05 ",processing,9
10635,92,frederick,pete,35,29,126.62,152.48,callahan,"wednesday, march 19, 2014",usa,"$1,326.22 ",todo,45
10304,110,willie,chris,35,5,-20.3,2.16,davis,"friday, march 21, 2014",can,$954.40 ,todo,38
10634,110,alfred,clark,36,15,149.82,95.99,peterson,"friday, march 21, 2014",usa,"$4,985.50 ",todo,6
10636,110,sam,gustave,65,33,-172.88,15.99,peterson,"friday, march 21, 2014",usa,$629.50 ,done,22
10300,110,roy,orville,66,38,-144.55,4.89,fontain,"monday, march 24, 2014",can,$608.00 ,done,19
10641,110,herbert,lorenzo,69,30,5.76,2.88,peterson,"monday, march 24, 2014",usa,"$2,054.00 ",done,29
10303,110,jacob,bruce,69,47,586.93,48.58,king,"tuesday, march 25, 2014",can,"$1,117.80 ",done,14
10637,111,tom,marcus,70,13,27.2,35.51,sahet,"tuesday, march 25, 2014",usa,"$2,761.94 ",done,30
10639,90,elmer,preston,70,13,-226.45,60.89,king,"wednesday, march 26, 2014",usa,$500.00 ,todo,40
10640,90,carl,bob,96,26,56.28,4.98,peterson,"friday, march 28, 2014",usa,$708.75 ,todo,14
10649,119,lee,dock,97,10,-147.02,65.99,bucknell,"monday, march 31, 2014",usa,"$1,434.00 ",todo,20
10638,258,howard,donald,129,32,-45.99,9.65,lehoscky,"tuesday, april 1, 2014",usa,"$2,720.05 ",processing,30
10644,258,martin,jackson,130,36,-150.74,4.98,lehoscky,"wednesday, april 2, 2014",usa,"$1,371.80 ",todo,14
10645,326,michael,cecil,130,47,128.88,12.64,peterson,"wednesday, april 2, 2014",usa,"$1,535.00 ",processing,43
10306,327,bert,barney,130,36,-1191.13,35.48,davis,"thursday, april 3, 2014",can,$498.50 ,todo,2
10308,328,herman,delbert,132,10,-95.52,99.99,king,"friday, april 4, 2014",can,$88.80 ,todo,12
10311,91,jim,edmond,132,47,19.57,30.98,davis,"monday, april 7, 2014",can,$268.80 ,processing,22
10307,91,francis,anderson,134,24,-62.2,6.78,fontain,"monday, april 7, 2014",can,$424.00 ,todo,24
10643,91,harvey,christian,135,26,149.17,35.99,sahet,"tuesday, april 8, 2014",usa,$814.50 ,todo,1
10650,70,earl,glenn,166,19,1996.68,315.98,bucknell,"wednesday, april 9, 2014",usa,"$1,779.20 ",done,46
10310,70,eugene,jefferson,193,40,39,11.09,callahan,"wednesday, april 9, 2014",can,$336.00 ,processing,17
10646,70,ralph,luke,194,49,902.62,40.98,dodge,"thursday, april 10, 2014",usa,"$1,446.00 ",todo,14
10647,80,ed,neal,194,1,-22.16,40.97,peterson,"thursday, april 10, 2014",usa,$636.00 ,done,10
10642,122,claude,burt,195,23,4.9,2.84,king,"friday, april 11, 2014",usa,$696.00 ,done,47
10652,122,edwin,ike,197,25,-547.61,449.99,peterson,"friday, april 11, 2014",usa,$318.84 ,done,29
10658,122,ben,myron,32,29,285.2,31.78,peterson,"friday, april 11, 2014",usa,"$4,464.60 ",processing,40
10648,122,charley,tony,32,11,6.46,5.98,bucknell,"wednesday, april 16, 2014",usa,$372.37 ,todo,41
10312,122,paul,conrad,35,43,384.2,35.99,fontain,"wednesday, april 16, 2014",can,"$1,614.80 ",todo,6
10315,122,edgar,joel,35,7,-13.78,8.34,peterson,"wednesday, april 16, 2014",can,$516.80 ,done,4
10318,140,isaac,matt,36,10,-7.76,4.71,callahan,"thursday, april 17, 2014",can,$240.40 ,processing,8
10659,134,otto,riley,65,28,-5.45,13.48,king,"friday, april 18, 2014",usa,"$1,227.02 ",done,12
10654,183,luther,vincent,66,36,-71.9,6.28,bucknell,"monday, april 21, 2014",usa,$601.83 ,processing,16
10656,183,lawrence,emory,69,43,-125.41,4.13,sahet,"monday, april 21, 2014",usa,$604.21 ,processing,2
10314,183,ira,isaiah,69,10,-127.3,113.98,davis,"tuesday, april 22, 2014",can,"$2,094.30 ",processing,43
10313,183,patrick,nick,70,16,-52.77,6.48,fontain,"thursday, april 24, 2014",can,$182.40 ,done,47
10316,234,guy,ezra,70,39,3116.54,276.2,davis,"friday, april 25, 2014",can,"$2,835.00 ",processing,12
10305,234,oliver,green,96,2,-5.2,6.28,callahan,"monday, april 28, 2014",can,"$3,741.30 ",done,25
10302,308,theodore,juan,97,22,-2.34,1.76,peterson,"monday, april 28, 2014",can,"$2,708.80 ",processing,50
10651,304,hugh,clifton,129,5,-14.35,4.98,callahan,"tuesday, april 29, 2014",usa,$397.80 ,done,31
10655,140,clyde,lucius,130,48,6.73,2.78,davis,"tuesday, april 29, 2014",usa,$154.40 ,done,34
10657,92,alexander,porter,130,33,619.71,370.98,fontain,"tuesday, april 29, 2014",usa,"$4,371.60 ",todo,21
10324,92,august,arnold,130,24,-712.14,60.98,dodge,"thursday, may 1, 2014",can,"$5,275.71 ",todo,0
10661,92,floyd,bud,132,43,973.16,125.99,king,"thursday, may 1, 2014",usa,$562.60 ,processing,40
10317,98,homer,jeremiah,132,44,676.13,125.99,sahet,"thursday, may 1, 2014",can,$288.00 ,processing,5
10665,110,jack,taylor,134,37,20,5.58,davis,"friday, may 2, 2014",usa,"$1,295.00 ",todo,22
10319,122,leonard,forrest,135,26,-1131.6,95.95,king,"friday, may 2, 2014",can,"$1,191.20 ",done,7
10662,156,horace,roland,166,38,-1249.39,31.76,lehoscky,"monday, may 5, 2014",usa,$125.00 ,todo,45
10670,156,marion,spencer,193,35,-114.74,4.57,peterson,"tuesday, may 6, 2014",usa,"$2,301.75 ",processing,16
10653,156,philip,burton,194,3,290.31,107.53,davis,"wednesday, may 7, 2014",usa,"$1,083.15 ",done,20
10321,122,allen,don,194,47,-152.52,3.98,lehoscky,"wednesday, may 7, 2014",can,$144.00 ,processing,7
10325,122,archie,emmet,195,9,-18.85,6.48,davis,"friday, may 9, 2014",can,"$1,497.00 ",todo,40
10327,110,stephen,gustav,197,5,-23.25,6.48,fontain,"friday, may 9, 2014",can,"$1,810.00 ",processing,18
10664,110,chester,louie,32,24,541.47,328.14,davis,"monday, may 12, 2014",usa,"$1,288.39 ",done,28
10323,97,willis,morgan,32,40,292.49,22.98,peterson,"monday, may 12, 2014",can,$164.40 ,done,49
10673,103,raymond,ned,35,7,67.84,276.2,fontain,"tuesday, may 13, 2014",usa,$412.35 ,done,36
10667,104,rufus,van,35,24,-715.78,296.18,king,"tuesday, may 13, 2014",usa,"$1,536.80 ",processing,50
10669,105,warren,ambrose,36,13,19.59,10.91,fontain,"thursday, may 15, 2014",usa,$570.00 ,done,37
10666,106,jessie,chauncey,65,33,4407.44,535.64,king,"friday, may 16, 2014",usa,"$4,666.94 ",done,17
10326,97,milton,elisha,66,1,-7.96,5.78,peterson,"friday, may 16, 2014",can,$982.00 ,todo,40
10675,97,alex,ferdinand,69,9,-16.99,13.48,bucknell,"monday, may 19, 2014",usa,"$1,423.00 ",done,24
10328,97,leo,general,69,27,921.7,136.98,peterson,"monday, may 19, 2014",can,"$1,168.00 ",todo,41
10668,97,julius,julian,70,37,5050.1,399.98,davis,"wednesday, may 21, 2014",usa,$625.27 ,done,42
10671,97,ray,kenneth,70,42,-188.77,5.02,davis,"thursday, may 22, 2014",usa,$920.10 ,todo,11
10320,120,sidney,mitchell,96,45,-157.18,3.95,bucknell,"friday, may 23, 2014",can,$516.00 ,todo,4
10677,120,bernard,allie,97,4,-321.84,73.98,davis,"friday, may 23, 2014",usa,$813.36 ,processing,39
10680,181,dan,josh,129,50,-132.51,4.98,davis,"friday, may 23, 2014",usa,"$1,261.88 ",processing,0
10672,181,jerry,judson,130,12,637.93,294.62,dodge,"friday, may 23, 2014",usa,"$3,815.25 ",todo,2
10676,181,calvin,lyman,130,9,78.63,60.97,fontain,"monday, may 26, 2014",usa,$534.85 ,todo,33
10679,181,perry,napoleon,130,16,5.27,2.89,callahan,"tuesday, may 27, 2014",usa,$660.00 ,processing,1
10681,181,dave,pedro,132,25,-14.76,22.84,lehoscky,"thursday, may 29, 2014",usa,"$1,287.40 ",todo,35
10331,181,anthony,berry,132,23,-68.14,4.13,dodge,"friday, may 30, 2014",can,$88.50 ,processing,12
10332,120,eddie,dewitt,134,39,5603.95,500.98,lehoscky,"friday, may 30, 2014",can,"$1,786.88 ",done,39
10684,152,amos,ervin,135,7,-449.53,140.99,lehoscky,"friday, may 30, 2014",usa,"$1,768.00 ",processing,18
10683,120,dennis,forest,166,1,-246.51,363.25,fontain,"monday, june 2, 2014",usa,$63.00 ,done,12
10674,152,clifford,lynn,193,34,215.86,22.98,peterson,"monday, june 2, 2014",usa,$45.00 ,processing,36
10682,120,leroy,pink,194,7,-32.35,8.74,lehoscky,"tuesday, june 3, 2014",usa,$375.50 ,done,42
10322,152,wesley,ruben,194,16,94.97,40.99,king,"wednesday, june 4, 2014",can,$112.00 ,todo,18
10690,120,alonzo,sanford,195,24,699.31,55.98,davis,"thursday, june 5, 2014",usa,$862.50 ,processing,51
10663,152,garfield,ward,197,38,371.41,65.99,fontain,"thursday, june 5, 2014",usa,"$1,930.40 ",done,13
10689,120,franklin,douglas,32,9,218.48,128.24,davis,"friday, june 6, 2014",usa,$472.50 ,done,40
10309,152,emil,ole,32,40,1585.48,175.99,lehoscky,"friday, june 6, 2014",can,"$1,762.00 ",processing,19
10329,134,leon,omer,35,41,1663.08,175.99,peterson,"friday, june 6, 2014",can,"$4,578.43 ",done,33
10685,90,nathan,ulysses,35,44,41.7,2.61,peterson,"friday, june 6, 2014",usa,$801.10 ,todo,25
10686,98,harold,walker,36,15,92.81,40.98,fontain,"monday, june 9, 2014",usa,"$1,404.45 ",todo,14
10688,90,matthew,wilbert,65,4,21.21,9.38,peterson,"monday, june 9, 2014",usa,"$3,160.60 ",processing,35
10694,90,levi,adelbert,66,21,55.3,179.29,callahan,"tuesday, june 10, 2014",usa,"$4,825.00 ",todo,9
10693,98,moses,benjiman,69,40,36.62,2.61,lehoscky,"thursday, june 12, 2014",usa,"$2,071.20 ",processing,50
10335,122,everett,ivan,69,3,2.53,3.49,king,"friday, june 13, 2014",can,"$2,036.16 ",processing,17
10699,156,lester,jonas,70,7,-26.99,11.5,lehoscky,"friday, june 13, 2014",usa,$114.00 ,todo,13
10692,151,winfield,major,70,41,9097.65,599.99,peterson,"friday, june 13, 2014",usa,$878.00 ,processing,17
10696,194,adam,abner,96,27,2245.24,320.98,callahan,"monday, june 16, 2014",usa,$996.00 ,done,51
10695,194,lloyd,archibald,97,1,-1.82,4.76,king,"tuesday, june 17, 2014",usa,$642.00 ,todo,10
10333,194,mack,caleb,129,42,25.88,4.28,bucknell,"wednesday, june 18, 2014",can,$877.20 ,processing,26
10697,203,fredrick,clint,130,13,-161.12,125.99,lehoscky,"wednesday, june 18, 2014",usa,$805.43 ,processing,35
10660,132,jay,dudley,130,22,-2.38,73.98,callahan,"thursday, june 19, 2014",usa,"$1,701.00 ",done,31
10336,132,jess,granville,130,14,-46.31,5.98,king,"friday, june 20, 2014",can,$285.12 ,done,10
10701,133,melvin,king,132,23,-71.11,3.57,sahet,"tuesday, june 24, 2014",usa,"$2,864.50 ",processing,40
10678,121,noah,mary,132,6,-32.27,5.78,king,"wednesday, june 25, 2014",usa,"$5,256.50 ",processing,15
10700,121,aaron,merton,134,17,16.48,10.64,lehoscky,"thursday, june 26, 2014",usa,"$1,638.40 ",processing,8
10334,326,alvin,antonio,135,5,-22.12,28.15,callahan,"monday, june 30, 2014",can,$144.80 ,processing,19
10330,121,norman,bennie,166,38,369.33,24.95,lehoscky,"monday, june 30, 2014",can,"$1,649.00 ",processing,51
10698,121,gilbert,carroll,193,19,21.47,3.8,peterson,"monday, june 30, 2014",usa,"$3,436.45 ",processing,24
10703,97,elijah,freeman,194,6,-4266.09,3502.14,sahet,"monday, june 30, 2014",usa,"$2,545.00 ",done,6
10706,108,victor,josiah,194,39,-513.79,212.6,callahan,"tuesday, july 1, 2014",usa,"$1,893.00 ",processing,21
10702,108,gus,milo,195,49,41.67,6.08,peterson,"wednesday, july 2, 2014",usa,$330.00 ,processing,27
10710,108,nelson,royal,197,10,-46.03,5.98,davis,"friday, july 4, 2014",usa,$93.50 ,todo,43
10713,108,jasper,dick,2277,21,33.67,40.99,davis,"friday, july 4, 2014",usa,"$2,827.90 ",done,23
10691,108,silas,earle,2279,49,205.83,90.98,fontain,"friday, july 4, 2014",usa,"$10,164.80 ",todo,11
10707,108,christopher,elza,2279,39,52.53,20.98,peterson,"friday, july 4, 2014",usa,"$1,641.00 ",todo,14
10714,108,jake,emerson,2305,33,-1578.26,100.98,bucknell,"wednesday, july 9, 2014",usa,"$2,205.75 ",todo,0
10337,108,mike,fletcher,2305,1,-9.08,6.68,peterson,"wednesday, july 9, 2014",can,"$2,467.00 ",todo,17
10716,108,percy,judge,2305,11,141.31,120.33,peterson,"wednesday, july 9, 2014",usa,$706.00 ,todo,2
10711,108,adolph,laurence,2306,15,-46.35,7.45,bucknell,"thursday, july 10, 2014",usa,"$4,451.70 ",todo,13
10338,108,maurice,neil,2307,32,40.85,5.98,peterson,"thursday, july 10, 2014",can,$934.50 ,done,14
10339,92,cornelius,roger,2309,7,-1.3,3.8,fontain,"friday, july 11, 2014",can,"$3,354.00 ",done,12
10717,92,felix,seth,2311,31,94.96,40.89,davis,"sunday, july 13, 2014",usa,"$1,270.75 ",processing,10
10718,92,reuben,glen,2339,12,-120.45,140.85,davis,"sunday, july 13, 2014",usa,"$3,463.00 ",todo,45
10687,344,wallace,hugo,2341,29,-58.25,5.78,dodge,"sunday, july 13, 2014",usa,"$4,960.90 ",todo,21
10715,92,claud,jimmie,2368,36,-229.67,14.81,lehoscky,"sunday, july 13, 2014",usa,"$1,296.00 ",done,38
10721,92,roscoe,johnnie,2370,6,-85.76,110.98,bucknell,"wednesday, july 16, 2014",usa,$923.87 ,done,23
10722,98,sylvester,washington,2370,30,59.18,8.01,callahan,"wednesday, july 16, 2014",usa,"$1,570.00 ",todo,19
10712,98,earnest,elwood,2373,36,-46.12,8.6,lehoscky,"wednesday, july 16, 2014",usa,"$1,233.48 ",done,18
10719,110,hiram,gust,2374,21,-72.7,2.84,callahan,"friday, july 18, 2014",usa,$844.25 ,todo,43
10342,110,otis,harmon,2433,14,4073.25,2036.48,peterson,"friday, july 18, 2014",can,"$1,840.64 ",todo,22
10720,98,simon,jordan,2436,14,83.24,22.84,callahan,"monday, july 21, 2014",usa,$550.00 ,processing,12
10341,98,willard,simeon,2438,20,8.9,14.48,king,"monday, july 21, 2014",can,$352.60 ,done,27
10724,98,irvin,wayne,2438,23,316.48,35.99,callahan,"tuesday, july 22, 2014",usa,$638.50 ,todo,41
10344,98,mark,wilber,2465,28,271.87,39.48,peterson,"tuesday, july 22, 2014",can,"$2,296.00 ",done,1
10343,98,jose,clem,2466,25,553.7,107.53,peterson,"friday, july 25, 2014",can,"$1,584.00 ",done,31
10725,98,wilbur,evan,2467,30,586.61,145.45,peterson,"friday, july 25, 2014",usa,$287.80 ,todo,1
10732,98,abraham,frederic,2497,21,636.03,205.99,lehoscky,"tuesday, july 29, 2014",usa,$360.00 ,todo,46
10708,146,virgil,irwin,2500,5,-25.56,3.36,sahet,"tuesday, july 29, 2014",usa,$180.40 ,done,16
10340,146,clinton,junius,2503,21,-71.54,4.13,davis,"wednesday, july 30, 2014",can,"$2,436.18 ",processing,44
10704,146,elbert,lafayette,2503,46,66.13,4.13,sahet,"thursday, july 31, 2014",usa,$595.50 ,processing,45
10730,146,leslie,loren,2503,9,-73.74,20.99,bucknell,"friday, august 1, 2014",usa,$484.25 ,todo,18
10733,146,marshall,madison,32,9,4.58,2.61,davis,"friday, august 1, 2014",usa,"$1,459.00 ",done,40
10734,146,owen,mason,32,39,140.01,7.31,fontain,"friday, august 1, 2014",usa,"$1,498.35 ",todo,25
10346,122,wiley,orval,35,24,-78.96,20.99,lehoscky,"friday, august 1, 2014",can,"$1,618.88 ",todo,5
10728,110,anton,abram,35,6,-29.71,14.48,peterson,"friday, august 1, 2014",usa,"$1,296.75 ",todo,27
10729,122,morris,aubrey,36,32,-84.07,20.97,callahan,"monday, august 4, 2014",usa,"$1,850.00 ",todo,9
10731,122,manuel,elliott,65,23,-65.62,4.98,king,"tuesday, august 5, 2014",usa,"$1,890.50 ",todo,7
10705,122,phillip,hans,66,28,-32.03,2.12,dodge,"wednesday, august 6, 2014",usa,$378.00 ,todo,21
10739,171,augustus,karl,69,6,-37.07,11.34,lehoscky,"wednesday, august 6, 2014",usa,$240.00 ,done,30
10737,171,emmett,minor,69,17,308.63,48.91,fontain,"thursday, august 7, 2014",usa,$139.80 ,processing,24
10738,171,eli,wash,70,12,8.34,2.61,fontain,"friday, august 8, 2014",usa,$52.35 ,done,33
10742,161,nicholas,wilfred,70,33,46.01,5.98,lehoscky,"friday, august 8, 2014",usa,"$3,118.00 ",todo,30
10709,97,wilson,allan,96,5,276.68,420.98,davis,"monday, august 11, 2014",usa,"$3,424.00 ",done,37
10741,109,alva,alphonse,97,15,691.13,243.98,peterson,"monday, august 11, 2014",usa,$228.00 ,todo,46
10743,97,harley,dallas,129,13,2322.44,880.98,davis,"tuesday, august 12, 2014",usa,$319.20 ,done,43
10746,109,newton,dee,130,4,5.88,5.47,davis,"tuesday, august 12, 2014",usa,"$2,311.70 ",done,17
10347,109,timothy,isiah,130,29,-125.6,6.48,peterson,"wednesday, august 13, 2014",can,$814.42 ,done,25
10736,97,marvin,jason,130,16,18.02,2.88,dodge,"wednesday, august 13, 2014",usa,$997.00 ,todo,12
10735,109,ross,johnny,132,14,-60.13,2.18,sahet,"wednesday, august 13, 2014",usa,$536.40 ,processing,7
10750,109,curtis,lawson,132,29,-752.83,218.75,dodge,"friday, august 15, 2014",usa,"$1,590.56 ",done,12
10345,109,edmund,lew,134,31,37.14,4.73,fontain,"monday, august 18, 2014",can,"$2,924.80 ",processing,23
10723,136,jeff,micheal,135,27,252.66,40.96,lehoscky,"tuesday, august 19, 2014",usa,$468.45 ,done,41
10740,97,elias,orin,166,3,-214.53,159.31,peterson,"tuesday, august 19, 2014",usa,"$1,416.00 ",processing,24
10744,109,harrison,addison,193,29,237.14,35.99,sahet,"tuesday, august 19, 2014",usa,$736.00 ,done,21
10745,141,stanley,cal,194,30,2108.8,279.81,dodge,"wednesday, august 20, 2014",usa,"$4,529.80 ",done,44
10753,141,columbus,erastus,194,37,464.36,65.99,lehoscky,"wednesday, august 20, 2014",usa,$88.00 ,processing,40
10747,141,lon,francisco,195,34,-189.33,6.48,sahet,"wednesday, august 20, 2014",usa,"$1,912.85 ",todo,5
10752,141,ora,hardy,197,32,-185.8,15.42,fontain,"thursday, august 21, 2014",usa,$252.00 ,todo,6
10748,130,ollie,lucien,32,50,41.27,18.97,lehoscky,"thursday, august 21, 2014",usa,"$2,196.00 ",processing,48
10754,130,russell,randolph,32,31,844.9,85.99,sahet,"thursday, august 21, 2014",usa,$55.20 ,processing,9
10756,141,pearl,stewart,35,7,-98.46,20.97,callahan,"tuesday, august 26, 2014",usa,"$1,990.00 ",processing,36
10349,141,solomon,vern,35,11,61.24,155.99,king,"tuesday, august 26, 2014",can,$141.60 ,todo,7
10755,173,arch,wilmer,36,14,98.75,260.98,peterson,"tuesday, august 26, 2014",usa,"$1,948.50 ",todo,3
10348,145,asa,zack,65,36,483.97,65.99,peterson,"wednesday, august 27, 2014",can,$363.60 ,processing,37
10751,141,clayton,adrian,66,46,807.62,40.97,lehoscky,"thursday, august 28, 2014",usa,"$1,631.48 ",processing,30
10352,130,enoch,alvah,69,39,396.97,65.99,lehoscky,"friday, august 29, 2014",can,$136.30 ,processing,18
10727,130,irving,bertram,69,30,226.73,22.98,fontain,"monday, september 1, 2014",usa,"$1,624.50 ",done,31
10758,152,mathew,clay,70,41,55.48,3.78,lehoscky,"monday, september 1, 2014",usa,"$1,644.60 ",done,10
10354,109,nathaniel,ephraim,70,10,15.77,34.76,callahan,"tuesday, september 2, 2014",can,$568.80 ,todo,29
10726,136,scott,fritz,96,10,-86.52,65.99,peterson,"tuesday, september 2, 2014",usa,$655.00 ,done,27
10761,136,hubert,giles,97,16,422.8,90.24,bucknell,"wednesday, september 3, 2014",usa,$507.00 ,todo,34
10351,136,lemuel,grover,129,11,144.05,47.9,davis,"wednesday, september 3, 2014",can,"$5,398.72 ",done,6
10355,136,andy,harris,130,30,259.07,24.95,sahet,"wednesday, september 3, 2014",can,$480.00 ,todo,23
10353,131,ellis,isom,130,50,-76.54,6.48,king,"friday, september 5, 2014",can,"$8,593.28 ",done,6
10763,131,emanuel,jesus,130,25,-13.77,55.94,lehoscky,"monday, september 8, 2014",usa,$616.00 ,processing,12
10764,61,joshua,johnie,132,42,111.75,6.3,sahet,"monday, september 8, 2014",usa,"$2,286.00 ",done,12
10359,90,millard,jonathan,132,39,-1766.01,95.95,bucknell,"tuesday, september 9, 2014",can,"$3,471.68 ",done,27
10358,90,vernon,lucian,134,42,84.38,12.98,bucknell,"wednesday, september 10, 2014",can,$429.40 ,done,24
10356,90,wade,malcolm,135,25,45.37,30.98,sahet,"wednesday, september 10, 2014",can,"$1,106.40 ",done,13
10362,90,cyrus,merritt,166,7,-35.54,5.44,lehoscky,"thursday, september 11, 2014",can,"$1,549.60 ",processing,37
10762,98,miles,otho,193,41,-734.31,549.99,lehoscky,"thursday, september 11, 2014",usa,"$4,337.00 ",processing,50
10765,90,rudolph,perley,194,15,8.48,22.01,lehoscky,"thursday, september 11, 2014",usa,"$1,515.60 ",done,15
10357,90,sherman,rolla,194,15,30.63,34.76,davis,"monday, september 15, 2014",can,"$1,167.68 ",done,6
10766,90,austin,sandy,195,47,-236.27,3.89,peterson,"monday, september 15, 2014",usa,"$2,310.00 ",todo,22
10760,98,bill,tomas,197,49,80.44,120.98,peterson,"wednesday, september 17, 2014",usa,"$2,917.00 ",done,12
10759,122,chas,wilford,32,18,118.94,30.98,lehoscky,"thursday, september 18, 2014",usa,$320.00 ,done,30
10769,156,lonnie,adolphus,32,35,220.04,21.98,lehoscky,"thursday, september 18, 2014",usa,"$1,684.27 ",processing,40
10368,92,monroe,angus,35,14,202.25,300.97,fontain,"friday, september 19, 2014",can,"$1,689.78 ",todo,9
10768,92,byron,arther,35,40,672.37,39.89,lehoscky,"friday, september 19, 2014",usa,"$1,477.00 ",todo,16
10774,79,edd,carlos,36,37,192.39,15.68,peterson,"friday, september 19, 2014",usa,$868.75 ,processing,6
10767,92,emery,cary,65,39,44.71,14.98,peterson,"friday, september 19, 2014",usa,$28.00 ,done,3
10367,92,grant,cassius,66,2,-42.72,38.76,king,"monday, september 22, 2014",can,$834.20 ,processing,18
10757,92,jerome,davis,69,17,-135.98,20.97,sahet,"monday, september 22, 2014",usa,"$3,082.00 ",todo,43
10773,92,max,hamilton,69,21,299.88,225.02,davis,"tuesday, september 23, 2014",usa,"$2,030.40 ",done,29
10365,110,mose,harve,70,35,-303.62,43.31,lehoscky,"tuesday, september 23, 2014",can,$403.20 ,todo,4
10770,110,steve,israel,70,8,-264.28,125.99,callahan,"wednesday, september 24, 2014",usa,$236.25 ,done,25
10776,427,gordon,leander,96,10,-43.97,6.48,davis,"friday, september 26, 2014",usa,"$6,635.27 ",processing,19
10781,110,abe,melville,97,42,1025.45,115.99,fontain,"friday, september 26, 2014",usa,$975.88 ,done,14
10360,110,pete,merle,129,25,943,178.47,peterson,"friday, september 26, 2014",can,"$7,390.20 ",processing,38
10772,110,chris,murray,130,23,565.34,160.98,lehoscky,"monday, september 29, 2014",usa,"$3,603.22 ",todo,33
10782,111,clark,pleasant,130,9,12.61,40.98,dodge,"tuesday, september 30, 2014",usa,$12.50 ,processing,7
10749,90,gustave,sterling,130,34,177.66,64.98,peterson,"tuesday, september 30, 2014",usa,"$1,080.00 ",processing,19
10783,90,orville,steven,132,29,-128.68,6.48,peterson,"tuesday, september 30, 2014",usa,"$1,442.50 ",todo,22
10784,119,lorenzo,axel,132,46,13.98,15.42,peterson,"tuesday, september 30, 2014",usa,"$1,488.00 ",processing,37
10786,258,bruce,boyd,134,7,-3476.86,2550.14,callahan,"wednesday, october 1, 2014",usa,"$1,531.08 ",processing,36
10785,258,marcus,bryant,135,9,170.9,55.98,davis,"wednesday, october 1, 2014",usa,$387.50 ,processing,41
10780,326,preston,clement,166,3,-24.74,18.97,fontain,"friday, october 3, 2014",usa,$720.00 ,processing,16
10787,91,bob,erwin,193,41,32.83,5.98,fontain,"friday, october 3, 2014",usa,"$2,622.76 ",todo,43
10778,91,dock,ezekiel,194,23,51.59,39.98,lehoscky,"friday, october 3, 2014",usa,$96.50 ,done,14
10775,440,donald,foster,194,8,-29.06,6.48,king,"tuesday, october 7, 2014",usa,$228.00 ,processing,44
10790,91,jackson,frances,195,30,3424.22,500.98,sahet,"tuesday, october 7, 2014",usa,$722.50 ,todo,0
10789,91,cecil,geo,197,34,1312.04,205.99,davis,"wednesday, october 8, 2014",usa,"$3,687.00 ",processing,47
10792,70,barney,houston,32,36,2077.91,162.93,davis,"thursday, october 9, 2014",usa,$399.85 ,processing,25
10801,70,delbert,issac,32,28,947.31,200.99,peterson,"friday, october 10, 2014",usa,"$3,026.85 ",done,16
10802,70,edmond,jules,35,41,3081.02,162.93,peterson,"monday, october 13, 2014",usa,"$2,942.81 ",processing,27
10791,80,anderson,larkin,35,41,10.5,2.78,sahet,"monday, october 13, 2014",usa,"$1,829.76 ",todo,33
10361,122,christian,mat,36,13,1314.39,304.99,davis,"monday, october 13, 2014",can,"$2,046.24 ",processing,6
10800,122,glenn,morton,65,13,-31.54,6.48,davis,"monday, october 13, 2014",usa,"$1,468.93 ",todo,3
10794,122,jefferson,orlando,66,26,15.42,4.26,sahet,"monday, october 13, 2014",usa,$314.76 ,todo,11
10799,122,luke,pierce,69,24,4451.01,420.98,dodge,"wednesday, october 15, 2014",usa,"$1,553.50 ",todo,44
10350,122,neal,prince,69,3,-11.58,1.98,sahet,"wednesday, october 15, 2014",can,$642.06 ,processing,30
10364,122,burt,rollie,70,3,-2314.74,699.99,davis,"thursday, october 16, 2014",can,$950.00 ,processing,43
10798,140,ike,rollin,3073,7,102.61,6783.02,fontain,"thursday, october 16, 2014",usa,$446.60 ,processing,23
10797,134,myron,sim,3078,12,0.35,2.88,king,"friday, october 17, 2014",usa,$420.00 ,todo,43
10363,183,tony,stuart,3078,1,-187.29,291.73,peterson,"monday, october 20, 2014",can,$447.20 ,processing,1
10806,183,conrad,wilburn,3104,50,-240.78,6.48,lehoscky,"tuesday, october 21, 2014",usa,$439.60 ,processing,13
10803,183,joel,bennett,3104,24,7.29,15.94,peterson,"tuesday, october 21, 2014",usa,"$1,193.01 ",done,25
10810,183,matt,casper,3108,36,-0.46,1.82,fontain,"wednesday, october 22, 2014",usa,$187.00 ,done,11
10809,234,riley,christ,3109,47,199.3,22.23,king,"thursday, october 23, 2014",usa,$140.00 ,done,25
10804,234,vincent,dell,32,37,1653.97,205.99,sahet,"thursday, october 23, 2014",usa,"$2,278.40 ",processing,5
10811,308,emory,egbert,32,13,377.81,119.99,callahan,"friday, october 24, 2014",usa,$852.00 ,todo,37
10372,304,isaiah,elmo,35,8,-38.89,30.98,bucknell,"monday, october 27, 2014",can,"$9,210.90 ",done,5
10793,140,nick,fay,35,4,-427.47,179.99,lehoscky,"monday, october 27, 2014",usa,$191.10 ,todo,41
10369,92,ezra,gabriel,36,30,-26.72,18.89,callahan,"wednesday, october 29, 2014",can,"$2,390.40 ",processing,26
10813,92,green,hector,65,14,-4.2,5.28,davis,"wednesday, october 29, 2014",usa,$602.40 ,processing,12
10805,92,juan,horatio,66,7,-19.95,4.42,fontain,"wednesday, october 29, 2014",usa,"$2,775.00 ",done,25
10808,98,clifton,lige,69,33,-95.98,20.99,fontain,"wednesday, october 29, 2014",usa,"$1,411.00 ",done,44
10374,110,lucius,saul,69,23,521.69,165.2,davis,"thursday, october 30, 2014",can,$459.00 ,done,26
10812,122,porter,smith,70,10,-105.37,53.98,bucknell,"friday, october 31, 2014",usa,"$1,692.80 ",done,50
10375,156,arnold,squire,70,8,80.43,15.68,lehoscky,"friday, october 31, 2014",can,$338.00 ,done,13
10818,156,bud,tobe,96,42,54.6,71.37,king,"tuesday, november 4, 2014",usa,$833.00 ,done,10
10823,156,jeremiah,tommie,97,5,-11.83,7.84,bucknell,"wednesday, november 5, 2014",usa,"$2,826.00 ",done,7
10825,122,taylor,wyatt,129,31,-12.26,4.71,davis,"wednesday, november 5, 2014",usa,"$1,030.76 ",todo,8
10817,122,forrest,alford,130,4,-2.55,3.8,lehoscky,"wednesday, november 5, 2014",usa,"$10,952.84 ",todo,11
10820,110,roland,alma,130,45,2753.39,264.98,lehoscky,"wednesday, november 5, 2014",usa,"$1,140.00 ",todo,50
10373,110,spencer,alton,130,18,51.14,8.34,peterson,"wednesday, november 5, 2014",can,"$1,366.40 ",processing,28
10376,97,burton,andres,132,40,-196.8,3.75,davis,"friday, november 7, 2014",can,$399.00 ,done,0
10815,103,don,burl,132,6,-47.36,15.98,fontain,"friday, november 7, 2014",usa,$40.00 ,todo,27
10779,97,emmet,cicero,134,12,-762.44,146.05,lehoscky,"monday, november 10, 2014",usa,"$1,335.00 ",processing,44
10796,97,gustav,dean,135,31,73.16,4.91,lehoscky,"tuesday, november 11, 2014",usa,"$2,341.36 ",todo,34
10814,97,louie,dorsey,166,6,-3.51,3.26,lehoscky,"wednesday, november 12, 2014",usa,"$1,788.45 ",processing,46
10377,97,morgan,enos,193,42,162.17,22.98,davis,"thursday, november 13, 2014",can,$863.60 ,processing,34
10821,97,ned,howell,194,9,-24.09,6.48,davis,"thursday, november 13, 2014",usa,$678.00 ,processing,2
10379,97,van,lou,194,49,-208.02,4.28,fontain,"thursday, november 13, 2014",can,$863.28 ,processing,19
10819,97,ambrose,loyd,195,23,-5.6,5.85,fontain,"monday, november 17, 2014",usa,$477.00 ,processing,1
10788,97,chauncey,mahlon,197,40,734.75,40.98,davis,"tuesday, november 18, 2014",usa,$731.50 ,todo,23
10834,120,elisha,nat,32,50,-109.1,15.14,davis,"tuesday, november 18, 2014",usa,"$1,432.71 ",processing,29
10832,120,ferdinand,omar,32,21,2137.28,415.88,fontain,"tuesday, november 18, 2014",usa,$475.11 ,done,6
10381,181,general,oran,35,7,-5.57,15.98,lehoscky,"tuesday, november 18, 2014",can,$112.00 ,processing,11
10822,181,julian,parker,35,33,-36.47,9.48,sahet,"tuesday, november 18, 2014",usa,$237.90 ,done,37
10795,181,kenneth,raleigh,36,31,-59.88,5.38,callahan,"thursday, november 20, 2014",usa,"$2,158.00 ",processing,33
10383,181,mitchell,reginald,65,1,-10.29,7.35,callahan,"friday, november 21, 2014",can,$899.00 ,todo,1
10835,181,allie,rubin,66,7,25.59,15.57,davis,"friday, november 21, 2014",usa,$845.80 ,done,25
10777,181,josh,seymour,69,29,-255.66,20.89,king,"friday, november 21, 2014",usa,$224.00 ,todo,32
10382,120,judson,wm,69,43,-20.25,19.98,peterson,"friday, november 21, 2014",can,"$2,900.00 ",todo,35
10378,152,lyman,young,70,11,-3.38,2.88,bucknell,"monday, november 24, 2014",can,$103.20 ,processing,39
10387,120,napoleon,benjamine,70,20,332.3,280.98,davis,"monday, november 24, 2014",can,"$1,058.40 ",processing,3
10836,152,pedro,carey,96,41,222.08,15.28,king,"tuesday, november 25, 2014",usa,"$4,705.50 ",processing,8
10830,120,berry,carlton,97,28,-3.83,1.76,peterson,"tuesday, november 25, 2014",usa,"$1,974.00 ",processing,9
10388,152,dewitt,eldridge,129,24,218.87,110.99,fontain,"wednesday, november 26, 2014",can,"$1,228.80 ",done,26
10385,120,ervin,elzie,130,27,-95.15,5.98,davis,"thursday, november 27, 2014",can,$691.20 ,processing,38
10384,152,forest,garrett,130,47,1040.4,55.99,lehoscky,"thursday, november 27, 2014",can,"$2,222.40 ",todo,23
10839,120,lynn,isham,130,35,784.77,115.99,lehoscky,"thursday, november 27, 2014",usa,$827.55 ,todo,28
10829,152,pink,johnson,132,43,-212.51,6.48,dodge,"friday, november 28, 2014",usa,"$1,764.00 ",processing,6
10837,134,ruben,larry,132,39,-1864.08,122.99,dodge,"friday, november 28, 2014",usa,"$1,064.50 ",done,1
10846,90,sanford,logan,134,6,-0.31,21.98,fontain,"friday, november 28, 2014",usa,"$1,112.00 ",done,41
10831,98,ward,merrill,135,35,524.88,67.28,lehoscky,"tuesday, december 2, 2014",usa,"$2,684.40 ",done,31
10838,90,douglas,mont,166,49,-1195.12,130.98,lehoscky,"wednesday, december 3, 2014",usa,"$1,938.38 ",processing,20
10833,90,ole,oren,193,33,-6.34,2.78,sahet,"thursday, december 4, 2014",usa,$906.93 ,done,51
10844,98,omer,pierre,194,48,1027.63,152.48,callahan,"friday, december 5, 2014",usa,$735.00 ,done,43
10843,122,ulysses,rex,194,50,28.71,4.28,peterson,"friday, december 5, 2014",usa,$159.00 ,processing,24
10841,156,walker,rodney,195,33,-991.07,60.98,bucknell,"monday, december 8, 2014",usa,"$4,581.00 ",todo,9
10371,151,wilbert,ted,197,27,235.88,29.89,davis,"monday, december 8, 2014",can,$72.96 ,done,37
10389,194,adelbert,webster,32,21,52.35,18.97,peterson,"monday, december 8, 2014",can,"$1,832.80 ",todo,28
10824,194,benjiman,west,32,38,11.41,2.78,callahan,"tuesday, december 9, 2014",usa,$250.80 ,processing,38
10842,194,ivan,wheeler,35,20,20.67,12.07,davis,"tuesday, december 9, 2014",usa,$975.00 ,done,11
10848,203,jonas,willam,35,7,-4.04,2.94,king,"tuesday, december 9, 2014",usa,$931.50 ,done,17
10845,132,major,al,36,25,-14.06,12.28,callahan,"wednesday, december 10, 2014",usa,"$3,812.70 ",done,22
10852,132,abner,aloysius,65,48,-103.55,5.74,callahan,"friday, december 12, 2014",usa,"$2,984.00 ",processing,25
10850,121,archibald,alvie,66,41,1161.89,128.24,davis,"friday, december 12, 2014",usa,$629.00 ,done,24
10849,121,caleb,anna,69,34,-117.92,3.81,dodge,"friday, december 12, 2014",usa,$967.82 ,processing,0
10851,121,clint,art,69,27,78.05,10.06,bucknell,"monday, december 15, 2014",usa,"$2,603.00 ",processing,51
10386,121,dudley,augustine,70,34,-35.75,1.68,dodge,"monday, december 15, 2014",can,$166.00 ,done,1
10807,121,granville,bailey,70,32,70.51,12.58,peterson,"monday, december 15, 2014",usa,$18.40 ,todo,51
10862,121,king,benjaman,96,31,116.96,14.34,callahan,"tuesday, december 16, 2014",usa,$581.00 ,todo,11
10859,97,mary,beverly,97,42,-1.16,8.67,davis,"wednesday, december 17, 2014",usa,"$1,078.69 ",processing,45
10853,108,merton,bishop,129,21,-123.81,73.98,dodge,"thursday, december 18, 2014",usa,$625.00 ,done,9
10828,108,antonio,clair,130,14,226.72,30.93,dodge,"friday, december 19, 2014",usa,$932.00 ,done,2
10858,108,bennie,cloyd,130,18,326.56,90.97,fontain,"friday, december 19, 2014",usa,$649.00 ,done,40
10855,108,carroll,coleman,130,23,28.55,3.15,lehoscky,"friday, december 19, 2014",usa,"$2,227.89 ",todo,47
10860,108,freeman,dana,132,3,-100.05,100.98,lehoscky,"friday, december 19, 2014",usa,$519.00 ,processing,36
10816,108,josiah,duncan,132,12,-311.54,89.99,peterson,"monday, december 22, 2014",usa,"$8,446.45 ",done,13
10390,108,milo,dwight,134,14,-28.83,5.58,sahet,"monday, december 22, 2014",can,"$2,090.88 ",done,19
10854,108,royal,emile,135,16,-48.51,4.24,lehoscky,"tuesday, december 23, 2014",usa,"$2,966.50 ",done,40
10857,108,dick,evert,166,46,52.36,3.15,callahan,"wednesday, december 24, 2014",usa,"$2,048.22 ",todo,30
10827,108,earle,henderson,193,34,1382.45,195.99,davis,"wednesday, december 24, 2014",usa,$843.00 ,todo,18
10826,108,elza,hunter,194,8,-15.46,8.88,sahet,"thursday, december 25, 2014",usa,$730.00 ,processing,1
10869,92,emerson,jean,194,26,17.14,2.88,bucknell,"friday, december 26, 2014",usa,"$1,630.00 ",done,23
10366,92,fletcher,lem,195,36,-128.59,3.58,callahan,"friday, december 26, 2014",can,$136.00 ,done,50
10370,92,judge,luis,197,24,166.44,216.6,sahet,"friday, december 26, 2014",can,"$1,117.60 ",todo,19
10872,92,laurence,mathias,32,41,64.79,6.68,bucknell,"wednesday, december 31, 2014",usa,"$2,058.46 ",done,20
10864,92,neil,maynard,32,41,-151.15,2.08,peterson,"wednesday, december 31, 2014",usa,$282.00 ,todo,16
10873,92,roger,miguel,35,39,4031.62,204.1,peterson,"wednesday, december 31, 2014",usa,$336.80 ,todo,11
10391,98,seth,mortimer,35,47,3160.63,279.81,lehoscky,"thursday, january 1, 2015",can,$86.40 ,todo,48
10871,98,glen,nels,36,3,-30.74,15.99,dodge,"friday, january 2, 2015",usa,"$1,979.23 ",done,28
10392,110,hugo,norris,65,24,600.42,125.99,fontain,"friday, january 2, 2015",can,"$1,440.00 ",todo,40
10397,110,jimmie,pat,66,27,-61.75,6.48,bucknell,"monday, january 5, 2015",can,$716.72 ,processing,17
10874,98,johnnie,phil,69,24,18.28,3.8,bucknell,"monday, january 5, 2015",usa,$310.00 ,done,9
10771,98,washington,rush,69,29,-98.05,3.28,dodge,"monday, january 5, 2015",can,$344.00 ,processing,19
10856,98,elwood,santiago,3687,25,6.14,3.29,lehoscky,"monday, january 5, 2015",usa,$660.00 ,processing,30
10847,98,gust,sol,3745,38,411.1,29.18,peterson,"monday, january 5, 2015",usa,"$4,931.92 ",processing,34
10867,98,harmon,sydney,3746,14,162.67,115.99,sahet,"tuesday, january 6, 2015",usa,$98.40 ,done,42
10866,98,jordan,thaddeus,3746,38,-67.49,5.98,bucknell,"wednesday, january 7, 2015",usa,"$1,096.20 ",todo,17
10393,98,simeon,thornton,3749,27,140.15,12.97,davis,"wednesday, january 7, 2015",can,"$2,556.95 ",done,28
10394,146,wayne,tim,3750,12,-24.03,5.98,davis,"wednesday, january 7, 2015",can,$442.00 ,todo,13
10865,146,wilber,travis,3777,14,38.06,17.67,fontain,"thursday, january 8, 2015",usa,"$16,387.50 ",processing,40
10876,146,clem,truman,3778,34,-63.76,8.32,king,"thursday, january 8, 2015",usa,$917.00 ,done,13
10870,146,evan,watson,3778,12,8.95,45.19,bucknell,"friday, january 9, 2015",usa,$160.00 ,done,35
10879,146,frederic,webb,3778,3,-15,6.68,lehoscky,"friday, january 9, 2015",usa,$611.30 ,processing,37
10878,146,irwin,wellington,3778,34,1313.95,175.99,peterson,"friday, january 9, 2015",usa,"$1,539.00 ",processing,21
10396,122,junius,winfred,3783,11,-40.25,8.12,davis,"monday, january 12, 2015",can,"$1,903.80 ",processing,11
10395,110,lafayette,wylie,3783,40,-200.63,6.48,sahet,"monday, january 12, 2015",can,"$2,122.92 ",todo,49
10399,122,loren,alec,3808,2,-2.83,2.89,callahan,"tuesday, january 13, 2015",can,"$1,765.60 ",done,12
10887,122,madison,basil,3810,40,-1845.66,4.48,callahan,"tuesday, january 13, 2015",usa,$70.00 ,todo,13
10884,122,mason,baxter,3810,25,35.09,2.61,peterson,"tuesday, january 13, 2015",usa,"$1,378.07 ",todo,36
10880,171,orval,bertrand,3814,43,-138.02,28.28,king,"tuesday, january 13, 2015",usa,"$1,500.00 ",done,23
10890,171,abram,buford,3841,19,-552.1,60.98,king,"tuesday, january 13, 2015",usa,$860.10 ,todo,17
10840,171,aubrey,burr,3841,20,11535.28,1270.99,peterson,"tuesday, january 13, 2015",usa,$211.20 ,todo,0
10861,161,elliott,cleveland,3841,43,1680.23,205.99,peterson,"tuesday, january 13, 2015",usa,"$3,523.40 ",done,27
10863,97,hans,colonel,3845,9,294.39,363.25,peterson,"tuesday, january 13, 2015",usa,$441.15 ,done,35
10881,109,karl,dempsey,3845,22,-10.4,19.98,peterson,"thursday, january 15, 2015",usa,$150.00 ,processing,50
10404,97,minor,early,3845,15,39.04,8.34,fontain,"friday, january 16, 2015",can,"$1,591.25 ",done,33
10885,109,wash,ellsworth,3877,14,254.31,48.04,sahet,"friday, january 16, 2015",usa,"$1,209.00 ",processing,49
10877,109,wilfred,fate,3905,42,-377.25,60.89,davis,"monday, january 19, 2015",usa,"$1,955.13 ",processing,13
10891,97,allan,finley,3907,36,-1642.65,4.48,king,"monday, january 19, 2015",usa,$368.93 ,done,42
10892,109,alphonse,gabe,3907,34,-135.1,22.38,peterson,"monday, january 19, 2015",usa,"$2,090.00 ",todo,40
10883,109,dallas,garland,3907,36,214.61,29.99,callahan,"tuesday, january 20, 2015",usa,$36.00 ,done,41
10894,109,dee,gerald,3908,8,-180.2,115.99,davis,"wednesday, january 21, 2015",usa,"$2,753.10 ",done,1
10893,136,isiah,herschel,3911,24,-156.76,15.7,dodge,"wednesday, january 21, 2015",usa,"$5,502.11 ",done,20
10398,97,jason,hezekiah,3942,11,-42.61,20.15,fontain,"wednesday, january 21, 2015",can,"$2,505.60 ",todo,27
10403,109,johnny,justus,3942,22,-247.18,85.99,peterson,"wednesday, january 21, 2015",can,$855.01 ,processing,28
10882,141,lawson,lindsey,3970,39,397.15,28.48,peterson,"thursday, january 22, 2015",usa,$892.64 ,done,49
10402,141,lew,marcellus,3970,13,-426.54,20.98,callahan,"friday, january 23, 2015",can,"$2,713.50 ",processing,9
10401,141,micheal,olaf,3973,21,117.91,15.68,davis,"friday, january 23, 2015",can,"$3,868.60 ",todo,25
10888,141,orin,olin,4004,14,8.66,4.84,davis,"friday, january 23, 2015",usa,$605.00 ,todo,22
10889,130,addison,pablo,4004,44,195.48,34.58,dodge,"friday, january 23, 2015",usa,"$11,380.00 ",todo,18
10406,130,cal,rolland,4006,38,624.84,37.94,king,"friday, january 23, 2015",can,"$1,830.78 ",todo,21
10868,141,erastus,turner,4007,18,112.36,56.96,king,"friday, january 23, 2015",usa,"$1,920.60 ",processing,3
10895,141,francisco,verne,4007,1,-232.24,279.48,lehoscky,"monday, january 26, 2015",usa,"$6,379.40 ",done,4
10897,173,hardy,volney,32,21,140.33,34.76,lehoscky,"monday, january 26, 2015",usa,"$10,835.24 ",todo,33
10899,145,lucien,williams,32,38,4127.79,500.98,bucknell,"thursday, january 29, 2015",usa,$122.40 ,processing,40
10408,141,randolph,almon,35,44,-1183.69,79.52,callahan,"thursday, january 29, 2015",can,"$1,622.40 ",todo,49
10409,130,stewart,alois,35,37,-194.97,145.98,lehoscky,"thursday, january 29, 2015",can,$319.20 ,processing,5
10412,130,vern,alonza,36,27,-101.85,6.48,callahan,"friday, january 30, 2015",can,$334.80 ,done,36
10886,152,wilmer,anson,65,16,-42.46,7.1,davis,"friday, january 30, 2015",usa,"$3,127.50 ",todo,43
10896,109,zack,authur,66,8,-31.63,6.48,king,"friday, january 30, 2015",usa,$750.50 ,done,49
10904,136,adrian,benton,69,47,-2.4,2.78,lehoscky,"friday, january 30, 2015",usa,"$1,924.25 ",processing,49
10901,136,alvah,billie,69,30,18.57,2.62,peterson,"friday, january 30, 2015",usa,$934.50 ,todo,18
10907,136,bertram,cornelious,70,22,237.75,28.48,sahet,"friday, january 30, 2015",usa,$108.50 ,processing,20
10915,136,clay,darius,70,21,53.58,6.3,fontain,"monday, february 2, 2015",usa,$539.50 ,todo,2
10410,131,ephraim,denis,96,42,285.16,42.76,lehoscky,"monday, february 2, 2015",can,$802.00 ,todo,48
10914,131,fritz,dillard,97,12,-6.83,9.78,sahet,"monday, february 2, 2015",usa,$537.50 ,todo,2
10380,61,giles,doctor,129,4,-17.32,9.48,callahan,"tuesday, february 3, 2015",can,"$1,313.82 ",processing,2
10902,90,grover,elvin,130,39,784.49,110.99,davis,"tuesday, february 3, 2015",usa,$863.43 ,processing,38
10400,90,harris,emma,130,3,-28.43,11.66,davis,"wednesday, february 4, 2015",can,"$3,063.00 ",todo,42
10900,90,isom,eric,130,38,25.03,9.99,davis,"wednesday, february 4, 2015",usa,$33.75 ,processing,51
10875,90,jesus,evans,132,5,1.32,2.88,peterson,"wednesday, february 4, 2015",usa,$709.55 ,processing,6
10906,98,johnie,gideon,132,48,-824.15,130.98,peterson,"wednesday, february 4, 2015",usa,$427.50 ,processing,21
10910,90,jonathan,haywood,134,23,-16.05,30.97,davis,"thursday, february 5, 2015",usa,$452.90 ,done,10
10919,90,lucian,hilliard,135,2,-319.02,193.17,fontain,"friday, february 6, 2015",usa,"$1,122.80 ",todo,10
10413,90,malcolm,hosea,166,19,-49.35,7.1,lehoscky,"friday, february 6, 2015",can,"$2,123.20 ",done,5
10903,98,merritt,lincoln,193,16,14.42,4.13,lehoscky,"friday, february 6, 2015",usa,$932.05 ,processing,0
10922,122,otho,lonzo,194,3,64.25,22.72,bucknell,"monday, february 9, 2015",usa,$742.50 ,processing,27
10411,156,perley,lucious,194,30,37.09,8.5,dodge,"monday, february 9, 2015",can,$966.80 ,processing,12
10414,92,rolla,lum,195,43,102.53,14.2,fontain,"monday, february 9, 2015",can,$224.83 ,done,19
10913,92,sandy,malachi,197,18,21.96,22.72,peterson,"monday, february 9, 2015",usa,$768.75 ,processing,33
10405,79,tomas,newt,32,46,456.81,65.99,davis,"tuesday, february 10, 2015",can,$400.00 ,done,15
10905,92,wilford,noel,32,45,-83.66,5.58,dodge,"tuesday, february 10, 2015",usa,$342.00 ,done,45
10911,92,adolphus,orie,35,22,-521.42,68.81,lehoscky,"tuesday, february 10, 2015",usa,$858.00 ,todo,27
10415,92,angus,palmer,35,33,-71.47,5.98,lehoscky,"wednesday, february 11, 2015",can,$102.40 ,processing,35
10418,92,arther,pinkney,36,32,2848.17,300.65,peterson,"wednesday, february 11, 2015",can,"$1,814.80 ",processing,21
10416,110,carlos,shirley,65,48,-94.82,5.78,callahan,"thursday, february 12, 2015",can,$720.00 ,done,43
10421,110,cary,sumner,66,8,-15.34,1.74,callahan,"thursday, february 12, 2015",can,"$1,194.27 ",todo,17
10916,110,cassius,terry,69,47,-54.63,30.53,davis,"thursday, february 12, 2015",usa,$686.70 ,processing,41
10898,110,davis,urban,69,28,154.85,40.97,peterson,"thursday, february 12, 2015",usa,$30.00 ,done,47
10908,110,hamilton,uriah,70,6,7.74,7.38,peterson,"thursday, february 12, 2015",usa,$663.10 ,todo,50
10921,110,harve,valentine,70,21,-97.75,10.9,davis,"friday, february 13, 2015",usa,"$1,936.00 ",processing,23
10424,111,israel,waldo,96,4,-388.52,150.98,king,"friday, february 13, 2015",can,"$9,194.56 ",processing,19
10909,90,leander,warner,97,35,-116.35,5.34,davis,"monday, february 16, 2015",usa,$670.00 ,done,41
10920,90,melville,wong,129,49,1304.9,160.98,peterson,"monday, february 16, 2015",usa,$390.00 ,processing,15
10918,119,merle,zeb,130,42,693.06,65.99,lehoscky,"tuesday, february 17, 2015",usa,"$1,447.50 ",done,44
10917,258,murray,abel,130,20,428.47,155.99,peterson,"tuesday, february 17, 2015",usa,$365.89 ,done,45
10407,258,pleasant,alden,130,46,2665.4,165.98,fontain,"wednesday, february 18, 2015",can,"$1,194.00 ",processing,32
10420,326,sterling,archer,132,12,104.03,25.38,lehoscky,"wednesday, february 18, 2015",can,"$1,707.84 ",processing,49
10417,91,steven,avery,132,17,-19.92,21.38,peterson,"wednesday, february 18, 2015",can,"$11,188.40 ",todo,30
10926,91,axel,carson,134,47,-65.21,21.38,peterson,"wednesday, february 18, 2015",usa,$514.40 ,done,49
10934,91,boyd,cullen,135,17,21.42,3.08,lehoscky,"thursday, february 19, 2015",usa,$500.00 ,done,32
10419,91,bryant,doc,166,39,14.15,7.59,peterson,"thursday, february 19, 2015",can,"$2,097.60 ",todo,30
10929,91,clement,eben,193,50,-79.42,6.54,sahet,"thursday, february 19, 2015",usa,"$1,174.75 ",processing,26
10422,70,erwin,elige,194,43,-353.66,146.34,fontain,"friday, february 20, 2015",can,$49.80 ,todo,38
10939,70,ezekiel,elizabeth,194,28,374.63,125.99,fontain,"friday, february 20, 2015",usa,$637.50 ,todo,4
10923,70,foster,elmore,195,7,49.45,120.97,king,"friday, february 20, 2015",usa,$748.80 ,todo,36
10937,80,frances,ernst,197,42,-113.45,6.68,king,"friday, february 20, 2015",usa,$644.80 ,done,39
10428,122,geo,finis,32,33,26.64,4,king,"monday, february 23, 2015",can,$192.00 ,done,40
10925,122,houston,freddie,32,4,-24.15,6.48,lehoscky,"monday, february 23, 2015",usa,$475.15 ,done,46
10430,122,issac,godfrey,35,32,1369.09,119.99,peterson,"monday, february 23, 2015",can,"$4,899.20 ",done,13
10944,122,jules,guss,35,45,-141.44,6.48,sahet,"monday, february 23, 2015",usa,"$1,025.33 ",processing,19
10938,122,larkin,hamp,36,48,-250.53,14.81,lehoscky,"wednesday, february 25, 2015",usa,"$2,731.87 ",done,41
10947,122,mat,hermann,65,15,86.33,20.24,lehoscky,"thursday, february 26, 2015",usa,$220.00 ,processing,35
10426,140,morton,isadore,66,40,749.22,43.41,peterson,"thursday, february 26, 2015",can,$338.20 ,done,16
10435,134,orlando,isreal,69,28,-2301.53,280.98,callahan,"friday, february 27, 2015",can,$631.60 ,todo,15
10429,183,pierce,jones,69,25,739.91,90.48,lehoscky,"friday, february 27, 2015",can,"$1,441.37 ",processing,2
10933,183,prince,june,70,44,-720.2,70.98,sahet,"friday, february 27, 2015",usa,$920.60 ,processing,42
10928,183,rollie,lacy,70,8,-17.01,8.33,davis,"monday, march 2, 2015",usa,$137.50 ,todo,16
10949,183,rollin,lafe,96,29,203.01,15.67,fontain,"monday, march 2, 2015",usa,"$4,422.00 ",todo,28
10432,234,sim,leland,97,32,7176.12,500.98,lehoscky,"monday, march 2, 2015",can,$485.00 ,done,41
10942,234,stuart,llewellyn,129,9,-375.64,4.48,dodge,"tuesday, march 3, 2015",usa,$560.00 ,todo,6
10912,308,wilburn,ludwig,130,9,-39.74,7.28,fontain,"tuesday, march 3, 2015",usa,"$6,200.55 ",processing,34
10936,304,bennett,manford,130,21,-80.2,14.03,lehoscky,"tuesday, march 3, 2015",usa,$456.00 ,processing,34
10946,140,casper,maxwell,130,30,-45.07,30.73,davis,"wednesday, march 4, 2015",usa,"$1,407.50 ",done,17
10948,92,christ,minnie,132,7,-8.53,14.56,lehoscky,"wednesday, march 4, 2015",usa,"$2,362.25 ",done,0
10930,92,dell,obie,132,11,285.95,299.99,peterson,"wednesday, march 4, 2015",usa,"$2,255.50 ",done,24
10935,92,egbert,octave,134,33,-57.54,55.99,peterson,"wednesday, march 4, 2015",usa,$619.50 ,todo,31
10945,98,elmo,orrin,135,34,-67.59,13.9,peterson,"wednesday, march 4, 2015",usa,$245.00 ,done,21
10431,110,fay,ossie,166,7,293.14,162.93,peterson,"thursday, march 5, 2015",can,"$1,892.25 ",todo,34
10931,122,gabriel,oswald,193,6,-6.61,11.58,peterson,"thursday, march 5, 2015",usa,$799.20 ,processing,25
10954,156,hector,park,194,20,-16.64,7.7,bucknell,"friday, march 6, 2015",usa,"$1,659.53 ",processing,9
10943,156,horatio,parley,194,23,-260.41,130.98,peterson,"friday, march 6, 2015",usa,$711.00 ,todo,29
10439,156,lige,ramon,195,4,-1.15,3.98,sahet,"friday, march 6, 2015",can,"$1,078.00 ",todo,15
10955,122,saul,rice,197,11,-104.25,125.99,callahan,"monday, march 9, 2015",usa,$74.40 ,done,4
10941,122,smith,stonewall,32,50,85.96,3.75,king,"monday, march 9, 2015",usa,"$4,011.75 ",todo,22
10956,110,squire,theo,32,3,-8.38,12.28,sahet,"monday, march 9, 2015",usa,$677.00 ,done,40
10940,110,tobe,tillman,35,30,1115.69,155.99,callahan,"tuesday, march 10, 2015",usa,$360.00 ,processing,14
10962,97,tommie,addie,35,16,-71.44,7.98,callahan,"wednesday, march 11, 2015",usa,"$3,584.00 ",processing,0
10950,103,wyatt,aron,36,30,488.82,67.28,davis,"wednesday, march 11, 2015",usa,$110.00 ,todo,44
10959,97,alford,ashley,65,29,-119.32,6.48,sahet,"wednesday, march 11, 2015",usa,$131.75 ,processing,0
10932,97,alma,bernhard,66,49,49.77,5.88,callahan,"thursday, march 12, 2015",usa,"$1,788.63 ",processing,46
10436,97,alton,bertie,69,2,-7.97,4.71,lehoscky,"thursday, march 12, 2015",can,"$1,994.52 ",processing,23
10437,97,andres,berton,69,16,4.21,2.94,callahan,"friday, march 13, 2015",can,$393.00 ,processing,6
10443,97,burl,buster,70,40,-131.63,8.75,callahan,"friday, march 13, 2015",can,$517.44 ,todo,31
10952,97,cicero,butler,70,29,128.99,12.97,davis,"friday, march 13, 2015",usa,$471.20 ,processing,10
10434,97,dean,carleton,96,32,-245.62,20.89,lehoscky,"friday, march 13, 2015",can,$321.12 ,done,2
10964,97,dorsey,carrie,97,41,48.63,2.88,lehoscky,"friday, march 13, 2015",usa,"$2,052.50 ",todo,11
10953,120,enos,clara,129,4,-126.47,31.76,dodge,"monday, march 16, 2015",usa,"$4,441.25 ",done,45
10963,120,howell,clarance,130,28,214.29,65.99,dodge,"monday, march 16, 2015",usa,$57.80 ,todo,2
10438,181,lou,clare,130,48,-433.29,179.29,lehoscky,"monday, march 16, 2015",can,$454.00 ,processing,22
10972,181,loyd,crawford,130,26,34.12,11.58,peterson,"tuesday, march 17, 2015",usa,$251.50 ,done,39
10957,181,mahlon,danial,132,4,-125.99,32.98,callahan,"wednesday, march 18, 2015",usa,"$1,762.70 ",done,2
10961,181,nat,dayton,132,4,-26.17,8.04,callahan,"wednesday, march 18, 2015",usa,"$1,119.90 ",processing,35
10975,181,omar,dolphus,134,17,40.88,4.91,davis,"wednesday, march 18, 2015",usa,$717.50 ,todo,28
10969,181,oran,elder,135,7,-4.28,11.55,davis,"wednesday, march 18, 2015",usa,$108.00 ,processing,44
10958,120,parker,ephriam,166,13,103.26,33.98,king,"wednesday, march 18, 2015",usa,$781.00 ,todo,18
10425,152,raleigh,fayette,193,7,-25.95,6.48,sahet,"wednesday, march 18, 2015",can,$360.00 ,todo,0
10973,120,reginald,felipe,194,3,-7.6,2.52,sahet,"wednesday, march 18, 2015",usa,$291.55 ,done,38
10979,152,rubin,fernando,194,24,-120.59,6.48,callahan,"thursday, march 19, 2015",usa,"$4,813.50 ",done,2
10968,120,seymour,flem,195,16,1724.68,315.98,davis,"thursday, march 19, 2015",usa,"$1,408.00 ",processing,26
10981,152,wm,florence,197,44,2048.63,400.98,davis,"thursday, march 19, 2015",usa,"$15,810.00 ",todo,30
10965,120,young,ford,32,8,-215.39,89.99,sahet,"thursday, march 19, 2015",usa,$848.00 ,done,35
10967,152,benjamine,harlan,32,26,-19.31,9.31,fontain,"friday, march 20, 2015",usa,$910.40 ,done,33
10442,120,carey,hayes,35,25,259.47,35.41,lehoscky,"friday, march 20, 2015",can,"$1,792.00 ",done,8
10445,152,carlton,henery,35,10,-124.51,125.99,lehoscky,"friday, march 20, 2015",can,$174.90 ,done,42
10446,134,eldridge,hoy,36,21,-64.87,5.8,sahet,"friday, march 20, 2015",can,$246.24 ,processing,50
10971,90,elzie,huston,65,22,46.49,8.17,fontain,"monday, march 23, 2015",usa,"$1,733.06 ",todo,3
10985,98,garrett,ida,66,45,1371.74,110.99,fontain,"monday, march 23, 2015",usa,"$2,023.38 ",done,7
10989,90,isham,ivory,69,11,25.96,10.31,fontain,"monday, march 23, 2015",usa,"$1,353.60 ",todo,6
10444,90,johnson,jonah,69,30,-31.95,3.68,lehoscky,"monday, march 23, 2015",can,"$1,031.70 ",todo,46
10976,98,larry,justin,70,4,-16.38,6.48,davis,"tuesday, march 24, 2015",usa,$912.00 ,done,37
10984,122,logan,lenard,70,30,763.33,300.98,davis,"tuesday, march 24, 2015",usa,"$1,809.75 ",done,27
10992,156,merrill,leopold,96,14,56.05,76.72,davis,"tuesday, march 24, 2015",usa,$69.60 ,processing,24
10448,151,mont,lionel,97,46,-186.31,5.78,peterson,"wednesday, march 25, 2015",can,$443.40 ,todo,24
10974,194,oren,manley,129,30,1020.32,142.86,lehoscky,"thursday, march 26, 2015",usa,$439.00 ,done,34
10423,194,pierre,marquis,130,10,18.24,7.7,sahet,"thursday, march 26, 2015",can,"$1,020.00 ",processing,5
10452,194,rex,marshal,130,5,-19.31,5.44,callahan,"friday, march 27, 2015",can,"$2,018.50 ",todo,31
10987,203,rodney,mart,130,4,-2.21,2.88,callahan,"friday, march 27, 2015",usa,"$2,772.00 ",todo,31
10995,132,ted,odie,132,3,-337.92,220.98,davis,"friday, march 27, 2015",usa,"$1,196.00 ",done,31
10454,132,webster,olen,132,25,220.91,38.76,peterson,"friday, march 27, 2015",can,$331.20 ,processing,45
10453,121,west,oral,134,2,-38.28,37.44,davis,"monday, march 30, 2015",can,$407.70 ,done,28
10991,121,wheeler,orley,135,7,-315.03,125.99,davis,"monday, march 30, 2015",usa,"$2,296.00 ",done,1
10983,121,willam,otha,166,45,559.11,55.99,fontain,"monday, march 30, 2015",usa,$720.90 ,processing,19
10951,121,al,press,193,37,1467.82,128.24,dodge,"tuesday, march 31, 2015",usa,$458.74 ,processing,23
10990,121,aloysius,price,194,14,-38.51,39.98,fontain,"wednesday, april 1, 2015",usa,"$4,288.85 ",processing,50
10982,121,alvie,quincy,194,24,31,8.01,fontain,"thursday, april 2, 2015",usa,"$1,014.00 ",todo,32
10924,97,anna,randall,195,12,-221.12,73.98,lehoscky,"thursday, april 2, 2015",usa,"$1,835.70 ",done,7
10960,108,art,rich,197,14,65.58,140.85,lehoscky,"thursday, april 2, 2015",usa,$265.35 ,done,39
11003,108,augustine,richmond,32,8,-21.47,2.74,lehoscky,"thursday, april 2, 2015",usa,$326.00 ,todo,14
10927,108,bailey,romeo,5217,8,27.88,40.98,peterson,"thursday, april 2, 2015",usa,$800.00 ,processing,35
10977,108,benjaman,russel,5217,11,4.08,3.08,callahan,"friday, april 3, 2015",usa,"$2,233.00 ",done,3
10994,108,beverly,rutherford,5221,48,562.89,28.48,fontain,"friday, april 3, 2015",usa,$940.50 ,processing,32
11005,108,bishop,shade,5222,40,4503.63,349.45,fontain,"friday, april 3, 2015",usa,$586.00 ,processing,24
10966,108,clair,shelby,5251,38,1057.89,115.99,peterson,"friday, april 3, 2015",usa,"$1,098.46 ",processing,48
11009,108,cloyd,solon,5254,31,258.62,65.99,fontain,"monday, april 6, 2015",usa,$616.50 ,done,39
11013,108,coleman,thurman,5281,36,624.36,120.98,fontain,"monday, april 6, 2015",usa,$361.00 ,done,13
10993,108,dana,tilden,5281,14,1107.53,209.84,king,"monday, april 6, 2015",usa,"$4,895.44 ",todo,8
10449,108,duncan,troy,5283,23,417.47,125.99,lehoscky,"tuesday, april 7, 2015",can,"$1,838.20 ",done,9
10988,92,dwight,woodson,5284,7,-3.05,8.69,lehoscky,"tuesday, april 7, 2015",usa,"$3,574.80 ",done,7
10996,92,emile,worth,5316,42,514.07,31.78,peterson,"tuesday, april 7, 2015",usa,$560.00 ,processing,25
10997,92,evert,aden,5317,38,9.49,5.34,callahan,"wednesday, april 8, 2015",usa,"$1,885.00 ",done,0
11007,92,henderson,alcide,5317,10,-263.65,140.98,callahan,"wednesday, april 8, 2015",usa,"$2,633.90 ",processing,21
11016,92,hunter,alf,5317,25,890.18,205.99,dodge,"wednesday, april 8, 2015",usa,$491.50 ,done,36
11000,92,jean,algie,5318,8,195.16,131.12,fontain,"wednesday, april 8, 2015",usa,$903.75 ,processing,40
11011,98,lem,arlie,5318,29,1196.37,200.99,lehoscky,"wednesday, april 8, 2015",usa,$933.50 ,todo,45
10999,98,luis,bart,5346,34,-1448.83,90.98,sahet,"wednesday, april 8, 2015",usa,"$1,197.95 ",processing,6
11001,110,mathias,bedford,5346,45,-1760.57,218.75,fontain,"thursday, april 9, 2015",usa,"$2,769.00 ",todo,3
10456,110,maynard,benito,5346,17,-455.8,140.98,callahan,"friday, april 10, 2015",can,$557.60 ,processing,24
10998,98,miguel,billy,5347,7,-60.67,85.99,callahan,"friday, april 10, 2015",usa,$686.00 ,processing,34
11014,98,mortimer,bird,5347,39,-108.19,7.99,fontain,"friday, april 10, 2015",usa,$243.18 ,processing,40
11020,98,nels,birt,5347,1,-796.76,205.99,fontain,"friday, april 10, 2015",usa,$632.40 ,processing,9
11006,98,norris,bruno,5350,39,-12.2,11.33,lehoscky,"friday, april 10, 2015",usa,$329.69 ,done,8
10440,98,pat,burley,5350,50,595.2,140.85,peterson,"friday, april 10, 2015",can,"$4,924.13 ",done,15
11002,98,phil,chancy,5378,6,-11.98,6.24,peterson,"friday, april 10, 2015",usa,"$1,811.10 ",done,19
11018,98,rush,claus,5381,47,1545.09,107.53,peterson,"friday, april 10, 2015",usa,"$1,575.00 ",todo,6
11012,146,santiago,cliff,5381,27,-149.93,2.18,davis,"monday, april 13, 2015",usa,"$2,825.30 ",done,11
11027,146,sol,clovis,5382,30,36.54,8.98,davis,"monday, april 13, 2015",usa,$877.72 ,processing,34
10459,146,sydney,connie,5408,20,38.35,4.13,peterson,"monday, april 13, 2015",can,"$1,659.20 ",done,3
10980,146,thaddeus,creed,5408,11,1216.74,209.84,peterson,"monday, april 13, 2015",usa,$248.00 ,processing,29
11017,146,thornton,delos,5409,11,-7.04,3.98,dodge,"monday, april 13, 2015",usa,"$6,750.00 ",todo,50
11015,146,tim,duke,5414,14,-27.08,20.98,fontain,"monday, april 13, 2015",usa,$622.35 ,todo,19
11004,122,travis,eber,5441,34,-92.05,6.48,lehoscky,"wednesday, april 15, 2015",usa,$295.38 ,todo,27
11024,110,truman,eligah,5441,16,6.11,17.15,peterson,"wednesday, april 15, 2015",usa,"$1,966.81 ",done,19
10986,122,watson,elliot,5444,2,-2024.08,449.99,callahan,"thursday, april 16, 2015",usa,"$2,220.00 ",done,34
11010,122,webb,elton,5445,4,14.43,3.69,fontain,"thursday, april 16, 2015",usa,$645.00 ,processing,22
11021,122,wellington,emmitt,5445,9,-1.82,4.63,lehoscky,"thursday, april 16, 2015",usa,"$6,306.24 ",processing,44
11036,171,winfred,gene,5446,42,44.1,10.98,callahan,"friday, april 17, 2015",usa,"$1,692.00 ",done,22
10978,171,wylie,golden,5472,32,-84.33,6.48,dodge,"friday, april 17, 2015",usa,"$1,303.19 ",todo,44
11028,171,alec,hal,5472,27,-24.44,13.48,fontain,"friday, april 17, 2015",usa,"$2,160.00 ",processing,31
10455,161,basil,hardin,5472,12,-182.97,115.99,callahan,"monday, april 20, 2015",can,"$2,684.00 ",done,1
11046,97,baxter,harman,5473,42,-149.46,8.74,callahan,"monday, april 20, 2015",usa,"$1,485.80 ",done,6
11023,109,bertrand,hervey,5504,6,-20.33,5.78,davis,"monday, april 20, 2015",usa,"$1,500.00 ",done,12
11032,97,buford,hollis,5504,15,20.23,45.99,fontain,"monday, april 20, 2015",usa,"$8,902.50 ",done,13
11033,109,burr,ivey,5506,22,4.41,5.88,king,"monday, april 20, 2015",usa,"$3,232.80 ",todo,17
10970,109,cleveland,jennie,5509,11,-22.48,5.58,dodge,"tuesday, april 21, 2015",usa,$224.00 ,processing,6
11035,97,colonel,len,5509,21,78.98,40.89,fontain,"tuesday, april 21, 2015",usa,"$1,754.50 ",done,16
11025,109,dempsey,lindsay,5510,12,29.68,9.68,sahet,"tuesday, april 21, 2015",usa,$270.00 ,done,35
11034,109,early,lonie,5511,46,-5.54,2.58,callahan,"wednesday, april 22, 2015",usa,$539.40 ,todo,31
11031,109,ellsworth,lyle,5511,32,482.45,65.99,sahet,"wednesday, april 22, 2015",usa,"$2,393.50 ",done,18
10460,136,fate,mac,5538,43,415.85,29.17,callahan,"thursday, april 23, 2015",can,$176.10 ,todo,47
10457,97,finley,mal,5538,13,-668.19,146.05,fontain,"thursday, april 23, 2015",can,"$1,584.00 ",done,0
11030,109,gabe,math,5538,4,-492.77,125.99,king,"thursday, april 23, 2015",usa,"$12,615.05 ",done,39
10458,141,garland,miller,5543,15,138.46,48.58,king,"friday, april 24, 2015",can,"$3,891.00 ",todo,29
11037,141,gerald,orson,5543,6,11.06,10.31,king,"friday, april 24, 2015",usa,$60.00 ,todo,2
10433,141,herschel,osborne,32,27,-115.38,2.18,lehoscky,"friday, april 24, 2015",can,$851.20 ,done,43
11041,141,hezekiah,percival,32,8,52.69,14.34,lehoscky,"friday, april 24, 2015",usa,"$1,773.00 ",done,32
10427,130,justus,pleas,35,12,-0.06,9.65,peterson,"friday, april 24, 2015",can,$651.00 ,done,25
11029,130,lindsey,ples,35,37,-133.7,7.37,peterson,"friday, april 24, 2015",usa,"$1,286.80 ",processing,32
10463,141,marcellus,rafael,36,41,-269.37,5.98,bucknell,"monday, april 27, 2015",can,$713.30 ,done,13
11043,141,olaf,raoul,65,10,49.26,12.22,bucknell,"monday, april 27, 2015",usa,$210.00 ,todo,42
10461,173,olin,roderick,66,8,-50.33,7.99,davis,"monday, april 27, 2015",can,"$1,538.70 ",processing,36
11026,145,pablo,rose,69,17,-28.35,11.5,peterson,"monday, april 27, 2015",usa,"$1,030.00 ",processing,27
11038,141,rolland,shelton,69,50,-161.56,5.77,davis,"tuesday, april 28, 2015",usa,$732.60 ,todo,33
11053,130,turner,sid,70,23,-1.09,5.85,fontain,"tuesday, april 28, 2015",usa,"$3,055.00 ",todo,43
11048,130,verne,theron,70,31,-71.95,15.31,king,"wednesday, april 29, 2015",usa,$525.00 ,processing,49
10447,152,volney,tobias,96,4,251.43,525.98,peterson,"wednesday, april 29, 2015",can,$914.40 ,todo,43
10450,109,williams,toney,97,40,190.53,16.51,callahan,"thursday, april 30, 2015",can,$425.12 ,done,30
11056,136,almon,tyler,129,31,-93.41,5.98,callahan,"thursday, april 30, 2015",usa,"$3,740.00 ",done,34
10467,136,alois,vance,130,31,-13.32,11.29,callahan,"friday, may 1, 2015",can,$235.20 ,done,10
11042,136,alonza,vivian,130,15,-16.89,20.48,fontain,"friday, may 1, 2015",usa,$405.75 ,done,2
11047,136,anson,walton,130,7,25.51,15.67,king,"friday, may 1, 2015",usa,$817.87 ,done,37
11052,131,authur,watt,132,2,-4.21,4.13,lehoscky,"friday, may 1, 2015",usa,"$1,332.00 ",todo,47
11057,131,benton,weaver,132,41,-121.44,14.98,lehoscky,"friday, may 1, 2015",usa,$45.00 ,processing,15
11044,61,billie,wilton,134,20,199.73,99.99,peterson,"friday, may 1, 2015",usa,$591.60 ,done,11
